direction,bnss_section_id,bnss_title,crpc_section_id,crpc_title,bridge_kind,mapping_note
bnss_to_crpc,6,"Besides the High Courts and the Courts constituted under any law, other than this",6,"Classes of Criminal Courts.—Besides the High Courts and the Courts constituted under any law,",auto,"shared_keywords=['besides', 'constituted', 'high']; title_jaccard=0.50"
crpc_to_bnss,6,"Besides the High Courts and the Courts constituted under any law, other than this",6,"Classes of Criminal Courts.—Besides the High Courts and the Courts constituted under any law,",auto,"shared_keywords=['besides', 'constituted', 'high']; title_jaccard=0.50"
bnss_to_crpc,8,The State Government shall establish a Court of Session for every sessions,9,Court of Session.—(1) The State Government shall establish a Court of Session for every sessions,auto,"shared_keywords=['establish', 'government', 'session', 'sessions', 'state']; title_jaccard=1.00"
crpc_to_bnss,8,The State Government shall establish a Court of Session for every sessions,9,Court of Session.—(1) The State Government shall establish a Court of Session for every sessions,auto,"shared_keywords=['establish', 'government', 'session', 'sessions', 'state']; title_jaccard=1.00"
bnss_to_crpc,9,In every district there shall be established as many Courts of Judicial Magistrates,11,Courts of Judicial Magistrates.—(1) In every district (not being a metropolitan area) there shall,auto,"shared_keywords=['district', 'judicial', 'magistrates', 'there']; title_jaccard=0.50"
crpc_to_bnss,9,In every district there shall be established as many Courts of Judicial Magistrates,11,Courts of Judicial Magistrates.—(1) In every district (not being a metropolitan area) there shall,auto,"shared_keywords=['district', 'judicial', 'magistrates', 'there']; title_jaccard=0.50"
bnss_to_crpc,11,"The High Court may, if requested by the Central or State Government so to do,",13,"Special Judicial Magistrates. —(1) The High Court may, if requested by the Central or State",auto,"shared_keywords=['central', 'high', 'requested', 'state']; title_jaccard=0.50"
crpc_to_bnss,11,"The High Court may, if requested by the Central or State Government so to do,",13,"Special Judicial Magistrates. —(1) The High Court may, if requested by the Central or State",auto,"shared_keywords=['central', 'high', 'requested', 'state']; title_jaccard=0.50"
bnss_to_crpc,12,"Subject to the control of the High Court, the Chief Judicial Magistrate may,",14,"Local jurisdiction of Judicial Magistrates. —(1) Subject to the control of the High Court, th e",auto,"shared_keywords=['control', 'high', 'judicial', 'subject']; title_jaccard=0.44"
crpc_to_bnss,12,"Subject to the control of the High Court, the Chief Judicial Magistrate may,",14,"Local jurisdiction of Judicial Magistrates. —(1) Subject to the control of the High Court, th e",auto,"shared_keywords=['control', 'high', 'judicial', 'subject']; title_jaccard=0.44"
bnss_to_crpc,13,Every Chief Judicial Magistrate shall be subordinate to the Sessions Judge;,12,"Chief Judicial Magistrate and Additional Chief Judicial Magistrate, etc. —(1) In every",auto,"shared_keywords=['chief', 'judicial', 'magistrate']; title_jaccard=0.43"
crpc_to_bnss,13,Every Chief Judicial Magistrate shall be subordinate to the Sessions Judge;,12,"Chief Judicial Magistrate and Additional Chief Judicial Magistrate, etc. —(1) In every",auto,"shared_keywords=['chief', 'judicial', 'magistrate']; title_jaccard=0.43"
bnss_to_crpc,15,"The State Government may appoint, for such term as it may think fit, Executive",21,"Special Executive Magistrates. —The State Government may appoint, for such term as it may",auto,"shared_keywords=['appoint', 'executive', 'government', 'state', 'term']; title_jaccard=0.62"
crpc_to_bnss,15,"The State Government may appoint, for such term as it may think fit, Executive",21,"Special Executive Magistrates. —The State Government may appoint, for such term as it may",auto,"shared_keywords=['appoint', 'executive', 'government', 'state', 'term']; title_jaccard=0.62"
bnss_to_crpc,16,"Subject to the control of the State Government, the District Magistrate may,",22,Local Jurisdiction of Executive Magistrates. —(1) Subject to the control of the State,auto,"shared_keywords=['control', 'state', 'subject']; title_jaccard=0.30"
crpc_to_bnss,16,"Subject to the control of the State Government, the District Magistrate may,",22,Local Jurisdiction of Executive Magistrates. —(1) Subject to the control of the State,auto,"shared_keywords=['control', 'state', 'subject']; title_jaccard=0.30"
bnss_to_crpc,17,"All Executive Magistrates shall be subordinate to the District Magistrate, and",411,Making over or withdrawal of cases by Executive Magistrates. —Any District Magistrate or,auto,"shared_keywords=['district', 'executive', 'magistrate', 'magistrates']; title_jaccard=0.44"
crpc_to_bnss,17,"All Executive Magistrates shall be subordinate to the District Magistrate, and",411,Making over or withdrawal of cases by Executive Magistrates. —Any District Magistrate or,auto,"shared_keywords=['district', 'executive', 'magistrate', 'magistrates']; title_jaccard=0.44"
bnss_to_crpc,18,"For every High Court, the Central Government or the State Government shall,",24,"Public Prosecutors. —(1) For every High Court, the Central Government or the State",auto,"shared_keywords=['central', 'government', 'high', 'state']; title_jaccard=0.67"
crpc_to_bnss,18,"For every High Court, the Central Government or the State Government shall,",24,"Public Prosecutors. —(1) For every High Court, the Central Government or the State",auto,"shared_keywords=['central', 'government', 'high', 'state']; title_jaccard=0.67"
bnss_to_crpc,19,The State Government shall appoint in every district one or more Assistant,25,Assistant Public prosecutors.—(1) The State Government shall appoint in every district one or,auto,"shared_keywords=['appoint', 'assistant', 'district', 'government', 'state']; title_jaccard=0.62"
crpc_to_bnss,19,The State Government shall appoint in every district one or more Assistant,25,Assistant Public prosecutors.—(1) The State Government shall appoint in every district one or,auto,"shared_keywords=['appoint', 'assistant', 'district', 'government', 'state']; title_jaccard=0.62"
bnss_to_crpc,20,"The State Government may establish,",25a,Directorate of Prosecution .—(1) The State Government may establish a Directorate of,auto,"shared_keywords=['establish', 'government', 'state']; title_jaccard=0.60"
crpc_to_bnss,20,"The State Government may establish,",25a,Directorate of Prosecution .—(1) The State Government may establish a Directorate of,auto,"shared_keywords=['establish', 'government', 'state']; title_jaccard=0.60"
bnss_to_crpc,21,"Subject to the other provisions of this Sanhita,",26,"Courts by which offences are triable.—Subject to the other provisions of this Code,",auto,"shared_keywords=['provisions', 'subject']; title_jaccard=0.40"
crpc_to_bnss,21,"Subject to the other provisions of this Sanhita,",26,"Courts by which offences are triable.—Subject to the other provisions of this Code,",auto,"shared_keywords=['provisions', 'subject']; title_jaccard=0.40"
bnss_to_crpc,22,Sentences which High Courts and Sessions Judges may pass.—(1) A High Court may pass any,28,Sentences which High Courts and Sessions Judges may pass. —(1) A High Court may pass any,manual,manual: sentences High Courts may pass (CrPC §28 → BNSS §22)
crpc_to_bnss,22,Sentences which High Courts and Sessions Judges may pass.—(1) A High Court may pass any,28,Sentences which High Courts and Sessions Judges may pass. —(1) A High Court may pass any,manual,manual: sentences High Courts may pass (CrPC §28 → BNSS §22)
bnss_to_crpc,23,The Court of a Chief Judicial Magistrate may pass any sentence authorised by,29,Sentences which Magistrates may pass.—(1) The Court of a Chief Judicial Magistrate may pass,auto,"shared_keywords=['chief', 'judicial', 'magistrate', 'pass']; title_jaccard=0.50"
crpc_to_bnss,23,The Court of a Chief Judicial Magistrate may pass any sentence authorised by,29,Sentences which Magistrates may pass.—(1) The Court of a Chief Judicial Magistrate may pass,auto,"shared_keywords=['chief', 'judicial', 'magistrate', 'pass']; title_jaccard=0.50"
bnss_to_crpc,24,The Court of a Judicial Magistrate may award such term of imprisonment in,30,Sentence of imprisonment in default of fine. —(1) The Court of a Magistrate may award such,auto,"shared_keywords=['award', 'imprisonment', 'magistrate']; title_jaccard=0.38"
crpc_to_bnss,24,The Court of a Judicial Magistrate may award such term of imprisonment in,30,Sentence of imprisonment in default of fine. —(1) The Court of a Magistrate may award such,auto,"shared_keywords=['award', 'imprisonment', 'magistrate']; title_jaccard=0.38"
bnss_to_crpc,25,"When a person is convicted at one trial of two or more offences, the Court may,",31,Sentence in cases of conviction of several offences at one trial.—(1) When a person is convicted at,auto,"shared_keywords=['convicted', 'offences', 'trial']; title_jaccard=0.38"
crpc_to_bnss,25,"When a person is convicted at one trial of two or more offences, the Court may,",31,Sentence in cases of conviction of several offences at one trial.—(1) When a person is convicted at,auto,"shared_keywords=['convicted', 'offences', 'trial']; title_jaccard=0.38"
bnss_to_crpc,26,"Mode of conferring powers.—(1) In conferring powers under this Sanhita, the High Court or the",32,"Mode of conferring powers. —(1) In conferring powers under this Code, the High Court or the",manual,manual: mode of conferring powers (CrPC §32 → BNSS §26)
crpc_to_bnss,26,"Mode of conferring powers.—(1) In conferring powers under this Sanhita, the High Court or the",32,"Mode of conferring powers. —(1) In conferring powers under this Code, the High Court or the",manual,manual: mode of conferring powers (CrPC §32 → BNSS §26)
bnss_to_crpc,27,Whenever any person holding an office in the service of Government who has,33,Powers of officers appointed. —Whenever any person holding an office in the ser vice of,auto,"shared_keywords=['holding', 'office', 'whenever']; title_jaccard=0.38"
crpc_to_bnss,27,Whenever any person holding an office in the service of Government who has,33,Powers of officers appointed. —Whenever any person holding an office in the ser vice of,auto,"shared_keywords=['holding', 'office', 'whenever']; title_jaccard=0.38"
bnss_to_crpc,28,"The High Court or the State Government, as the case may be, may withdraw all",34,"Withdrawal of powers.—(1) The High Court or the Sta te Government, as the case may be, may",auto,"shared_keywords=['case', 'government', 'high']; title_jaccard=0.50"
crpc_to_bnss,28,"The High Court or the State Government, as the case may be, may withdraw all",34,"Withdrawal of powers.—(1) The High Court or the Sta te Government, as the case may be, may",auto,"shared_keywords=['case', 'government', 'high']; title_jaccard=0.50"
bnss_to_crpc,30,Police officers superior in rank to an officer in charge of a police station may,36,Powers of superior officers of police .—Police officers superior in rank to an officer in charge of,auto,"shared_keywords=['charge', 'officer', 'officers', 'police', 'rank', 'superior']; title_jaccard=0.86"
crpc_to_bnss,30,Police officers superior in rank to an officer in charge of a police station may,36,Powers of superior officers of police .—Police officers superior in rank to an officer in charge of,auto,"shared_keywords=['charge', 'officer', 'officers', 'police', 'rank', 'superior']; title_jaccard=0.86"
bnss_to_crpc,31,Every person is bound to assist a Magistrate or police officer reasonably demanding,37,Public when to assist Magistrates and police .—Every person is bound to assist a Magistrate or,auto,"shared_keywords=['assist', 'bound', 'magistrate', 'police']; title_jaccard=0.44"
crpc_to_bnss,31,Every person is bound to assist a Magistrate or police officer reasonably demanding,37,Public when to assist Magistrates and police .—Every person is bound to assist a Magistrate or,auto,"shared_keywords=['assist', 'bound', 'magistrate', 'police']; title_jaccard=0.44"
bnss_to_crpc,32,"When a warrant is directed to a person other than a police officer, any other",38,"Aid to person, other than police officer, executing warrant .—When a warrant is directed to a",auto,"shared_keywords=['directed', 'officer', 'police', 'than', 'warrant']; title_jaccard=0.83"
crpc_to_bnss,32,"When a warrant is directed to a person other than a police officer, any other",38,"Aid to person, other than police officer, executing warrant .—When a warrant is directed to a",auto,"shared_keywords=['directed', 'officer', 'police', 'than', 'warrant']; title_jaccard=0.83"
bnss_to_crpc,34,Every officer employed in connection with the affairs of a village and every,40,Duty of officers employed in connection with the affairs of a village to make certain,auto,"shared_keywords=['affairs', 'connection', 'employed', 'village']; title_jaccard=0.44"
crpc_to_bnss,34,Every officer employed in connection with the affairs of a village and every,40,Duty of officers employed in connection with the affairs of a village to make certain,auto,"shared_keywords=['affairs', 'connection', 'employed', 'village']; title_jaccard=0.44"
bnss_to_crpc,35,When police may arrest without warrant.—(1) Any police officer may without an order from a,41,When police may arrest without warrant.—(1) Any police officer may without an order from a,manual,manual: arrest without warrant (CrPC §41 → BNSS §35)
crpc_to_bnss,35,When police may arrest without warrant.—(1) Any police officer may without an order from a,41,When police may arrest without warrant.—(1) Any police officer may without an order from a,manual,manual: arrest without warrant (CrPC §41 → BNSS §35)
bnss_to_crpc,36,Every police officer while making an arrest shall,41b,Procedure of arrest and duties of officer making arrest. —Every police officer while making,auto,"shared_keywords=['arrest', 'making', 'officer', 'police', 'while']; title_jaccard=0.83"
crpc_to_bnss,36,Every police officer while making an arrest shall,41b,Procedure of arrest and duties of officer making arrest. —Every police officer while making,auto,"shared_keywords=['arrest', 'making', 'officer', 'police', 'while']; title_jaccard=0.83"
bnss_to_crpc,37,The State Government shall,268,Power of State Government to exclude certain persons from operation of section,auto,"shared_keywords=['government', 'state']; title_jaccard=0.40"
crpc_to_bnss,37,The State Government shall,268,Power of State Government to exclude certain persons from operation of section,auto,"shared_keywords=['government', 'state']; title_jaccard=0.40"
bnss_to_crpc,38,Right of arrested person to meet an advocate of his choice during interrogation .—When any,41b,Procedure of arrest and duties of officer making arrest. —Every police officer while making,manual,manual: right to meet advocate during interrogation (CrPC §41B → BNSS §38)
crpc_to_bnss,38,Right of arrested person to meet an advocate of his choice during interrogation .—When any,41b,Procedure of arrest and duties of officer making arrest. —Every police officer while making,manual,manual: right to meet advocate during interrogation (CrPC §41B → BNSS §38)
bnss_to_crpc,40,Any private person may arrest or cause to be arrested any person who in his,43,Arrest by private person and procedure on such arrest. —(1) Any private person may arrest or,auto,"shared_keywords=['arrest', 'private']; title_jaccard=0.50"
crpc_to_bnss,40,Any private person may arrest or cause to be arrested any person who in his,43,Arrest by private person and procedure on such arrest. —(1) Any private person may arrest or,auto,"shared_keywords=['arrest', 'private']; title_jaccard=0.50"
bnss_to_crpc,43,In making an arrest the police officer or other person making the same shall,46,Arrest how made. —(1) In making an arrest the police officer or other p erson making the same shall,auto,"shared_keywords=['arrest', 'making', 'officer', 'police', 'same']; title_jaccard=0.71"
crpc_to_bnss,43,In making an arrest the police officer or other person making the same shall,46,Arrest how made. —(1) In making an arrest the police officer or other p erson making the same shall,auto,"shared_keywords=['arrest', 'making', 'officer', 'police', 'same']; title_jaccard=0.71"
bnss_to_crpc,45,"A police officer may, for the purpose of arresting without warrant any person",48,"Pursuit of off enders into other jurisdictions. —A police officer may, for the purpose of arresting",auto,"shared_keywords=['arresting', 'officer', 'police', 'purpose']; title_jaccard=0.44"
crpc_to_bnss,45,"A police officer may, for the purpose of arresting without warrant any person",48,"Pursuit of off enders into other jurisdictions. —A police officer may, for the purpose of arresting",auto,"shared_keywords=['arresting', 'officer', 'police', 'purpose']; title_jaccard=0.44"
bnss_to_crpc,46,The person arrested shall not be subjected to more restraint than is necessary to,49,No unnecessary restraint. —The person arrested shall not be subje cted to more restraint than is,auto,"shared_keywords=['arrested', 'more', 'restraint', 'than']; title_jaccard=0.44"
crpc_to_bnss,46,The person arrested shall not be subjected to more restraint than is necessary to,49,No unnecessary restraint. —The person arrested shall not be subje cted to more restraint than is,auto,"shared_keywords=['arrested', 'more', 'restraint', 'than']; title_jaccard=0.44"
bnss_to_crpc,47,Person arrested to be informed of grounds of arrest and of right to bail .—(1) Every police,50,Person arrested to be informed of grounds of arrest and of right to bail. —(1) Every police officer,manual,manual: inform arrestee of grounds and bail rights (CrPC §50 → BNSS §47)
crpc_to_bnss,47,Person arrested to be informed of grounds of arrest and of right to bail .—(1) Every police,50,Person arrested to be informed of grounds of arrest and of right to bail. —(1) Every police officer,manual,manual: inform arrestee of grounds and bail rights (CrPC §50 → BNSS §47)
bnss_to_crpc,48,"Obligation of person making arrest to inform about arrest, etc., to relative or friend .—(1)",50a,"Obligation of person making arrest to inform about the arrest, etc., to a nominated person.—(1)",manual,manual: inform relatives/friends of arrest (CrPC §50A → BNSS §48)
crpc_to_bnss,48,"Obligation of person making arrest to inform about arrest, etc., to relative or friend .—(1)",50a,"Obligation of person making arrest to inform about the arrest, etc., to a nominated person.—(1)",manual,manual: inform relatives/friends of arrest (CrPC §50A → BNSS §48)
bnss_to_crpc,50,Power to seize offensive weapons .—The police officer or other person making any arrest under,52,Power to seize offensive weapons. —The officer or other person making any arrest under this Code may,manual,manual: seize offensive weapons on arrest (CrPC §52 → BNSS §50)
crpc_to_bnss,50,Power to seize offensive weapons .—The police officer or other person making any arrest under,52,Power to seize offensive weapons. —The officer or other person making any arrest under this Code may,manual,manual: seize offensive weapons on arrest (CrPC §52 → BNSS §50)
bnss_to_crpc,52,Examination of person accused of rape by medical practitioner.—(1) When a person is arrested,53a,Examination of person accused of rape by medical practitioner .—(1) When a person is arrested on a,manual,manual: medical exam of rape accused (CrPC §53A → BNSS §52)
crpc_to_bnss,52,Examination of person accused of rape by medical practitioner.—(1) When a person is arrested,53a,Examination of person accused of rape by medical practitioner .—(1) When a person is arrested on a,manual,manual: medical exam of rape accused (CrPC §53A → BNSS §52)
bnss_to_crpc,53,"When any person is arrested, he shall be examined by a medical officer in the",54,"Examination of arrested person by medical officer. —(1) When any person is arrested, he shall be",auto,"shared_keywords=['arrested', 'medical', 'officer']; title_jaccard=0.60"
crpc_to_bnss,53,"When any person is arrested, he shall be examined by a medical officer in the",54,"Examination of arrested person by medical officer. —(1) When any person is arrested, he shall be",auto,"shared_keywords=['arrested', 'medical', 'officer']; title_jaccard=0.60"
bnss_to_crpc,54,Where a person is arrested on a charge of committing an offence and his,54a,Identification of person arrested .—Where a person is arrested on a charge of committing an offe nce,auto,"shared_keywords=['arrested', 'charge', 'committing']; title_jaccard=0.50"
crpc_to_bnss,54,Where a person is arrested on a charge of committing an offence and his,54a,Identification of person arrested .—Where a person is arrested on a charge of committing an offe nce,auto,"shared_keywords=['arrested', 'charge', 'committing']; title_jaccard=0.50"
bnss_to_crpc,55,When any officer in charge of a police station or any police officer making an,166,When officer in charge of police station may require another to issue search -warrant.—(1) An officer,auto,"shared_keywords=['charge', 'officer', 'police', 'station']; title_jaccard=0.40"
crpc_to_bnss,55,When any officer in charge of a police station or any police officer making an,166,When officer in charge of police station may require another to issue search -warrant.—(1) An officer,auto,"shared_keywords=['charge', 'officer', 'police', 'station']; title_jaccard=0.40"
bnss_to_crpc,56,It shall be the duty of the person having the custody of an accused to take,55a,Health and safety of arrested person. —It shall be the duty of the person having the custody,auto,"shared_keywords=['custody', 'duty', 'having']; title_jaccard=0.38"
crpc_to_bnss,56,It shall be the duty of the person having the custody of an accused to take,55a,Health and safety of arrested person. —It shall be the duty of the person having the custody,auto,"shared_keywords=['custody', 'duty', 'having']; title_jaccard=0.38"
bnss_to_crpc,57,"A police officer making an arrest without warrant shall, without unnecessary",41,When police may arrest without warrant.—(1) Any police officer may without an order from a,auto,"shared_keywords=['arrest', 'officer', 'police', 'warrant', 'without']; title_jaccard=0.71"
crpc_to_bnss,57,"A police officer making an arrest without warrant shall, without unnecessary",41,When police may arrest without warrant.—(1) Any police officer may without an order from a,auto,"shared_keywords=['arrest', 'officer', 'police', 'warrant', 'without']; title_jaccard=0.71"
bnss_to_crpc,58,No police officer shall detain in custody a person arrested without warrant for a,51,Search of arrested person. —(1) Whenever a person is arrested by a police officer under a warrant which,auto,"shared_keywords=['arrested', 'officer', 'police', 'warrant']; title_jaccard=0.44"
crpc_to_bnss,58,No police officer shall detain in custody a person arrested without warrant for a,51,Search of arrested person. —(1) Whenever a person is arrested by a police officer under a warrant which,auto,"shared_keywords=['arrested', 'officer', 'police', 'warrant']; title_jaccard=0.44"
bnss_to_crpc,59,"Officers in charge of police stations shall report to the District Magistrate, or, if",58,Police to report apprehensions.—Officers in charge of police stations shall report to the District,auto,"shared_keywords=['charge', 'district', 'officers', 'police', 'report', 'stations']; title_jaccard=0.75"
crpc_to_bnss,59,"Officers in charge of police stations shall report to the District Magistrate, or, if",58,Police to report apprehensions.—Officers in charge of police stations shall report to the District,auto,"shared_keywords=['charge', 'district', 'officers', 'police', 'report', 'stations']; title_jaccard=0.75"
bnss_to_crpc,60,No person who has been arrested by a police officer shall be discharged except,59,Discharge of person apprehended .—No person who ha s been arrested by a police officer shall,auto,"shared_keywords=['arrested', 'officer', 'police']; title_jaccard=0.43"
crpc_to_bnss,60,No person who has been arrested by a police officer shall be discharged except,59,Discharge of person apprehended .—No person who ha s been arrested by a police officer shall,auto,"shared_keywords=['arrested', 'officer', 'police']; title_jaccard=0.43"
bnss_to_crpc,61,"If a person in lawful custody escapes or is rescued, the person from whose",60,"Power, on escape, to pursue and retake .—(1) If a person in lawful custody escapes or is",auto,"shared_keywords=['custody', 'escapes', 'lawful']; title_jaccard=0.43"
crpc_to_bnss,61,"If a person in lawful custody escapes or is rescued, the person from whose",60,"Power, on escape, to pursue and retake .—(1) If a person in lawful custody escapes or is",auto,"shared_keywords=['custody', 'escapes', 'lawful']; title_jaccard=0.43"
bnss_to_crpc,62,No arrest shall be made except in accordance with the provisions of this Sanhita,60a,Arrest to be made strictly according to the Code. —No arrest shall be made except in,auto,"shared_keywords=['arrest', 'except', 'made']; title_jaccard=0.38"
crpc_to_bnss,62,No arrest shall be made except in accordance with the provisions of this Sanhita,60a,Arrest to be made strictly according to the Code. —No arrest shall be made except in,auto,"shared_keywords=['arrest', 'except', 'made']; title_jaccard=0.38"
bnss_to_crpc,63,"Every summons issued by a Court under this Sanhita shall be,",61,"Form of summons .—Every summons issued by a Court under this Code shall be in writing, in",auto,"shared_keywords=['issued', 'summons']; title_jaccard=0.40"
crpc_to_bnss,63,"Every summons issued by a Court under this Sanhita shall be,",61,"Form of summons .—Every summons issued by a Court under this Code shall be in writing, in",auto,"shared_keywords=['issued', 'summons']; title_jaccard=0.40"
bnss_to_crpc,64,"Every summons shall be served by a police officer, or subject to such rules as",62,"Summons how served .—(1) Every summons shall be served by a police officer, or subject to",auto,"shared_keywords=['officer', 'police', 'served', 'subject', 'summons']; title_jaccard=0.83"
crpc_to_bnss,64,"Every summons shall be served by a police officer, or subject to such rules as",62,"Summons how served .—(1) Every summons shall be served by a police officer, or subject to",auto,"shared_keywords=['officer', 'police', 'served', 'subject', 'summons']; title_jaccard=0.83"
bnss_to_crpc,65,Service of a summons on a company or corporation may be effected by serving,68,Proof of service in s uch cases and when serving officer not present .—(1) When a summons issued by a,auto,"shared_keywords=['service', 'serving', 'summons']; title_jaccard=0.27"
crpc_to_bnss,65,Service of a summons on a company or corporation may be effected by serving,68,Proof of service in s uch cases and when serving officer not present .—(1) When a summons issued by a,auto,"shared_keywords=['service', 'serving', 'summons']; title_jaccard=0.27"
bnss_to_crpc,66,"Where the person summoned cannot, by the exercise of due diligence, be found,",64,"Service when persons summoned cannot be found. —Where the person summoned cannot, by the exercise",auto,"shared_keywords=['cannot', 'exercise', 'found', 'summoned']; title_jaccard=0.67"
crpc_to_bnss,66,"Where the person summoned cannot, by the exercise of due diligence, be found,",64,"Service when persons summoned cannot be found. —Where the person summoned cannot, by the exercise",auto,"shared_keywords=['cannot', 'exercise', 'found', 'summoned']; title_jaccard=0.67"
bnss_to_crpc,67,If service cannot by the exercise of due diligence be effected as provided in,65,Procedure when service cannot be effected as before provided. —If service cannot by the exercise of due,auto,"shared_keywords=['cannot', 'effected', 'exercise', 'provided', 'service']; title_jaccard=0.71"
crpc_to_bnss,67,If service cannot by the exercise of due diligence be effected as provided in,65,Procedure when service cannot be effected as before provided. —If service cannot by the exercise of due,auto,"shared_keywords=['cannot', 'effected', 'exercise', 'provided', 'service']; title_jaccard=0.71"
bnss_to_crpc,68,"Where the person summoned is in the active service of the Government, the",66,Service on Government servant. —(1) Where the person su mmoned is in the active service of the,auto,"shared_keywords=['active', 'government', 'service']; title_jaccard=0.50"
crpc_to_bnss,68,"Where the person summoned is in the active service of the Government, the",66,Service on Government servant. —(1) Where the person su mmoned is in the active service of the,auto,"shared_keywords=['active', 'government', 'service']; title_jaccard=0.50"
bnss_to_crpc,70,"When a summons issued by a Court is served outside its local jurisdiction, and",67,Service of summons outside local limits. —When a Court desires that a summons issued by it shall be,auto,"shared_keywords=['issued', 'local', 'outside', 'summons']; title_jaccard=0.44"
crpc_to_bnss,70,"When a summons issued by a Court is served outside its local jurisdiction, and",67,Service of summons outside local limits. —When a Court desires that a summons issued by it shall be,auto,"shared_keywords=['issued', 'local', 'outside', 'summons']; title_jaccard=0.44"
bnss_to_crpc,71,"Notwithstanding anything contained in the preceding sections of this Chapter,",69,S ervice of summons on witness by post .—(1) Notwithstanding anything contained in the preceding,auto,"shared_keywords=['anything', 'contained', 'notwithstanding', 'preceding']; title_jaccard=0.40"
crpc_to_bnss,71,"Notwithstanding anything contained in the preceding sections of this Chapter,",69,S ervice of summons on witness by post .—(1) Notwithstanding anything contained in the preceding,auto,"shared_keywords=['anything', 'contained', 'notwithstanding', 'preceding']; title_jaccard=0.40"
bnss_to_crpc,72,"Every warrant of arrest issued by a Court under this Sanhita shall be in writing,",70,Form of warrant of arrest and duration .—(1) Every warrant of arrest issued by a Court under this Code,auto,"shared_keywords=['arrest', 'issued', 'warrant']; title_jaccard=0.43"
crpc_to_bnss,72,"Every warrant of arrest issued by a Court under this Sanhita shall be in writing,",70,Form of warrant of arrest and duration .—(1) Every warrant of arrest issued by a Court under this Code,auto,"shared_keywords=['arrest', 'issued', 'warrant']; title_jaccard=0.43"
bnss_to_crpc,74,A warrant of arrest shall ordinarily be directed to one or more police officers;,72,Warrants to whom directed .—(1) A warrant of arrest shall ordinarily be directed to one or more police,auto,"shared_keywords=['arrest', 'directed', 'more', 'ordinarily', 'police', 'warrant']; title_jaccard=0.75"
crpc_to_bnss,74,A warrant of arrest shall ordinarily be directed to one or more police officers;,72,Warrants to whom directed .—(1) A warrant of arrest shall ordinarily be directed to one or more police,auto,"shared_keywords=['arrest', 'directed', 'more', 'ordinarily', 'police', 'warrant']; title_jaccard=0.75"
bnss_to_crpc,75,The Chief Judicial Magistrate or a Magistrate of the first class may direct a,73,Warrant may be directed to any person .—(1) The Chief Judicial Magistrat e or a Magistrate of the first,auto,"shared_keywords=['chief', 'first', 'judicial', 'magistrate']; title_jaccard=0.44"
crpc_to_bnss,75,The Chief Judicial Magistrate or a Magistrate of the first class may direct a,73,Warrant may be directed to any person .—(1) The Chief Judicial Magistrat e or a Magistrate of the first,auto,"shared_keywords=['chief', 'first', 'judicial', 'magistrate']; title_jaccard=0.44"
bnss_to_crpc,76,A warrant directed to any police officer may also be executed by any other police,74,Warrant directed to police officer. —A warrant directed to any police officer may also be executed by any,auto,"shared_keywords=['also', 'directed', 'executed', 'officer', 'police', 'warrant']; title_jaccard=1.00"
crpc_to_bnss,76,A warrant directed to any police officer may also be executed by any other police,74,Warrant directed to police officer. —A warrant directed to any police officer may also be executed by any,auto,"shared_keywords=['also', 'directed', 'executed', 'officer', 'police', 'warrant']; title_jaccard=1.00"
bnss_to_crpc,77,The police officer or other person executing a warrant of arrest shall notify the,75,Notification of substance of warrant. —The police officer or other person executing a warrant of arrest,auto,"shared_keywords=['arrest', 'executing', 'officer', 'police', 'warrant']; title_jaccard=0.62"
crpc_to_bnss,77,The police officer or other person executing a warrant of arrest shall notify the,75,Notification of substance of warrant. —The police officer or other person executing a warrant of arrest,auto,"shared_keywords=['arrest', 'executing', 'officer', 'police', 'warrant']; title_jaccard=0.62"
bnss_to_crpc,79,A warrant of arrest may be executed at any place in India,77,Where warrant may be executed.—A warrant of arrest may be executed at any place in India,auto,"shared_keywords=['arrest', 'executed', 'india', 'place', 'warrant']; title_jaccard=1.00"
crpc_to_bnss,79,A warrant of arrest may be executed at any place in India,77,Where warrant may be executed.—A warrant of arrest may be executed at any place in India,auto,"shared_keywords=['arrest', 'executed', 'india', 'place', 'warrant']; title_jaccard=1.00"
bnss_to_crpc,80,When a warrant is to be executed outside the local jurisdiction of the Court,78,Warrant forwarded for execution outside jurisdiction.—(1) When a warrant is to be executed outside the,auto,"shared_keywords=['executed', 'jurisdiction', 'outside', 'warrant']; title_jaccard=0.57"
crpc_to_bnss,80,When a warrant is to be executed outside the local jurisdiction of the Court,78,Warrant forwarded for execution outside jurisdiction.—(1) When a warrant is to be executed outside the,auto,"shared_keywords=['executed', 'jurisdiction', 'outside', 'warrant']; title_jaccard=0.57"
bnss_to_crpc,81,When a warrant directed to a police officer is to be executed beyond the local,79,Warrant directed to police officer for execution outside jurisdiction. —(1) When a warrant directed to a,auto,"shared_keywords=['directed', 'officer', 'police', 'warrant']; title_jaccard=0.40"
crpc_to_bnss,81,When a warrant directed to a police officer is to be executed beyond the local,79,Warrant directed to police officer for execution outside jurisdiction. —(1) When a warrant directed to a,auto,"shared_keywords=['directed', 'officer', 'police', 'warrant']; title_jaccard=0.40"
bnss_to_crpc,82,"When a warrant of arrest is executed outside the district in which it was issued,",80,Procedure on arrest of p erson against whom warrant issued. —When a warrant of arrest is executed,auto,"shared_keywords=['arrest', 'executed', 'issued', 'warrant']; title_jaccard=0.50"
crpc_to_bnss,82,"When a warrant of arrest is executed outside the district in which it was issued,",80,Procedure on arrest of p erson against whom warrant issued. —When a warrant of arrest is executed,auto,"shared_keywords=['arrest', 'executed', 'issued', 'warrant']; title_jaccard=0.50"
bnss_to_crpc,84,If any Court has reason to believe (whether after taking evidence or not) that,82,Proclamation for person absconding. —(1) If any Court has reason to believe (whether after taking,auto,"shared_keywords=['after', 'believe', 'reason', 'taking', 'whether']; title_jaccard=0.62"
crpc_to_bnss,84,If any Court has reason to believe (whether after taking evidence or not) that,82,Proclamation for person absconding. —(1) If any Court has reason to believe (whether after taking,auto,"shared_keywords=['after', 'believe', 'reason', 'taking', 'whether']; title_jaccard=0.62"
bnss_to_crpc,85,Attachment of property of person absconding .—(1) The Court is suing a proclamation under,83,Attachment of property of person absconding. —(1) The Court issuing a proclamation under,manual,manual: attachment after proclamation (CrPC §83 → BNSS §85)
crpc_to_bnss,85,Attachment of property of person absconding .—(1) The Court is suing a proclamation under,83,Attachment of property of person absconding. —(1) The Court issuing a proclamation under,manual,manual: attachment after proclamation (CrPC §83 → BNSS §85)
bnss_to_crpc,86,"The Court may, on the written request from a police officer not below the rank of",53,Examination of accused by medical practitioner at the request of police officer. —(1) When a person is,auto,"shared_keywords=['officer', 'police', 'request']; title_jaccard=0.30"
crpc_to_bnss,86,"The Court may, on the written request from a police officer not below the rank of",53,Examination of accused by medical practitioner at the request of police officer. —(1) When a person is,auto,"shared_keywords=['officer', 'police', 'request']; title_jaccard=0.30"
bnss_to_crpc,87,"If any claim is preferred to, or objection made to the attachment of, any",84,"Claims and objections to attachment.—(1) If any claim is preferred to, or objection made to the",auto,"shared_keywords=['attachment', 'claim', 'made', 'objection', 'preferred']; title_jaccard=0.71"
crpc_to_bnss,87,"If any claim is preferred to, or objection made to the attachment of, any",84,"Claims and objections to attachment.—(1) If any claim is preferred to, or objection made to the",auto,"shared_keywords=['attachment', 'claim', 'made', 'objection', 'preferred']; title_jaccard=0.71"
bnss_to_crpc,91,Power to take bond or bail bond for appearance .—When any person for whose appearance or,88,Power to take bond for appearance. —When any person for whose ap pearance or arrest the,manual,manual: bond for appearance (CrPC §88 → BNSS §91)
crpc_to_bnss,91,Power to take bond or bail bond for appearance .—When any person for whose appearance or,88,Power to take bond for appearance. —When any person for whose ap pearance or arrest the,manual,manual: bond for appearance (CrPC §88 → BNSS §91)
bnss_to_crpc,92,When any person who is bound by any bond taken under this Sanhita to appear,89,Arrest on breach of bond for appearance. —When any person who is bound by any bond taken,auto,"shared_keywords=['bond', 'bound', 'taken']; title_jaccard=0.38"
crpc_to_bnss,92,When any person who is bound by any bond taken under this Sanhita to appear,89,Arrest on breach of bond for appearance. —When any person who is bound by any bond taken,auto,"shared_keywords=['bond', 'bound', 'taken']; title_jaccard=0.38"
bnss_to_crpc,95,"If any document, parcel or thing in the custody of a postal authority is, in the",92,"Procedure as to letters and telegrams.—(1) If any document, parcel or thing in the custody of a",auto,"shared_keywords=['custody', 'document', 'parcel', 'thing']; title_jaccard=0.50"
crpc_to_bnss,95,"If any document, parcel or thing in the custody of a postal authority is, in the",92,"Procedure as to letters and telegrams.—(1) If any document, parcel or thing in the custody of a",auto,"shared_keywords=['custody', 'document', 'parcel', 'thing']; title_jaccard=0.50"
bnss_to_crpc,96,When search-warrant may be issued.—(1) Where,93,When search -warrant may be issued. —(1) (a) Where any Court has reason to believe that a,manual,manual: when search-warrant may be issued (CrPC §93 → BNSS §96)
crpc_to_bnss,96,When search-warrant may be issued.—(1) Where,93,When search -warrant may be issued. —(1) (a) Where any Court has reason to believe that a,manual,manual: when search-warrant may be issued (CrPC §93 → BNSS §96)
bnss_to_crpc,97,"If a District Magistrate, Sub-divisional Magistrate or Magistrate of the first",97,"Search for persons wrongfully confined.—If any District Magistrate, Sub-divisional Magistrate",auto,"shared_keywords=['district', 'divisional', 'magistrate']; title_jaccard=0.43"
crpc_to_bnss,97,"If a District Magistrate, Sub-divisional Magistrate or Magistrate of the first",97,"Search for persons wrongfully confined.—If any District Magistrate, Sub-divisional Magistrate",auto,"shared_keywords=['district', 'divisional', 'magistrate']; title_jaccard=0.43"
bnss_to_crpc,101,Upon complaint made on oath of the abduction or unlawful detention of a,98,Power to compel restoration of abducted females .—Upon complaint made on oath of the,auto,"shared_keywords=['complaint', 'made', 'oath']; title_jaccard=0.30"
crpc_to_bnss,101,Upon complaint made on oath of the abduction or unlawful detention of a,98,Power to compel restoration of abducted females .—Upon complaint made on oath of the,auto,"shared_keywords=['complaint', 'made', 'oath']; title_jaccard=0.30"
bnss_to_crpc,102,"The provisions of sections 32, 72, 74, 76, 79, 80 and 81 shall, so far as may be,",99,"Direction, etc., of search -warrants.—The provisions of sections 38, 70, 72, 74, 77, 78 and 79",auto,"shared_keywords=['provisions', 'sections']; title_jaccard=0.40"
crpc_to_bnss,102,"The provisions of sections 32, 72, 74, 76, 79, 80 and 81 shall, so far as may be,",99,"Direction, etc., of search -warrants.—The provisions of sections 38, 70, 72, 74, 77, 78 and 79",auto,"shared_keywords=['provisions', 'sections']; title_jaccard=0.40"
bnss_to_crpc,103,( 1) Whenever any place liable to search or inspection under this Chapter is,100,Persons in charge of closed place to allow search.—(1) Whenever any place liable to search or,auto,"shared_keywords=['liable', 'place', 'search', 'whenever']; title_jaccard=0.44"
crpc_to_bnss,103,( 1) Whenever any place liable to search or inspection under this Chapter is,100,Persons in charge of closed place to allow search.—(1) Whenever any place liable to search or,auto,"shared_keywords=['liable', 'place', 'search', 'whenever']; title_jaccard=0.44"
bnss_to_crpc,104,"When, in the execution of a search-warrant at any place beyond the local",101,"Disposal of things found in search beyond jurisdiction .—When, in the execution of a",auto,"shared_keywords=['beyond', 'execution', 'search']; title_jaccard=0.30"
crpc_to_bnss,104,"When, in the execution of a search-warrant at any place beyond the local",101,"Disposal of things found in search beyond jurisdiction .—When, in the execution of a",auto,"shared_keywords=['beyond', 'execution', 'search']; title_jaccard=0.30"
bnss_to_crpc,106,Any police officer may seize any property which may be alleged or suspected,102,Power of police officer to seize certain property .—(1) Any police officer may seize any,auto,"shared_keywords=['officer', 'police', 'property', 'seize']; title_jaccard=0.57"
crpc_to_bnss,106,Any police officer may seize any property which may be alleged or suspected,102,Power of police officer to seize certain property .—(1) Any police officer may seize any,auto,"shared_keywords=['officer', 'police', 'property', 'seize']; title_jaccard=0.57"
bnss_to_crpc,109,"Any Court may, if it thinks fit, impound any document or thing produced before",104,"Power to impound document, etc., produced .—Any Court may, if it thinks fit, impound any",auto,"shared_keywords=['document', 'impound', 'produced', 'thinks']; title_jaccard=0.67"
crpc_to_bnss,109,"Any Court may, if it thinks fit, impound any document or thing produced before",104,"Power to impound document, etc., produced .—Any Court may, if it thinks fit, impound any",auto,"shared_keywords=['document', 'impound', 'produced', 'thinks']; title_jaccard=0.67"
bnss_to_crpc,111,"In this Chapter, unless the context otherwise requires,",105a,"Definitions.—In this Chapter, unless the context otherwise requires,",auto,"shared_keywords=['chapter', 'context', 'otherwise', 'requires', 'unless']; title_jaccard=0.83"
crpc_to_bnss,111,"In this Chapter, unless the context otherwise requires,",105a,"Definitions.—In this Chapter, unless the context otherwise requires,",auto,"shared_keywords=['chapter', 'context', 'otherwise', 'requires', 'unless']; title_jaccard=0.83"
bnss_to_crpc,113,Upon receipt of a letter of request from a Court or an authority in a country or,166b,Letter of request from a country or place outside India to a Court or an authority for investigation,auto,"shared_keywords=['authority', 'country', 'letter', 'request']; title_jaccard=0.44"
crpc_to_bnss,113,Upon receipt of a letter of request from a Court or an authority in a country or,166b,Letter of request from a country or place outside India to a Court or an authority for investigation,auto,"shared_keywords=['authority', 'country', 'letter', 'request']; title_jaccard=0.44"
bnss_to_crpc,114,"Where a Court in India, in relation to a criminal matter, desires that a warrant",105b,"Assist ance in securing transfer of persons .—(1) Where a Court in India, in relation to a criminal",auto,"shared_keywords=['criminal', 'india', 'relation']; title_jaccard=0.30"
crpc_to_bnss,114,"Where a Court in India, in relation to a criminal matter, desires that a warrant",105b,"Assist ance in securing transfer of persons .—(1) Where a Court in India, in relation to a criminal",auto,"shared_keywords=['criminal', 'india', 'relation']; title_jaccard=0.30"
bnss_to_crpc,119,"If as a result of the inquiry, investigation or survey under section 116, the",105g,"Notice of forfeiture of property .—(1) If as a result of the inquiry, investigation or survey",auto,"shared_keywords=['inquiry', 'investigation', 'result', 'survey']; title_jaccard=0.57"
crpc_to_bnss,119,"If as a result of the inquiry, investigation or survey under section 116, the",105g,"Notice of forfeiture of property .—(1) If as a result of the inquiry, investigation or survey",auto,"shared_keywords=['inquiry', 'investigation', 'result', 'survey']; title_jaccard=0.57"
bnss_to_crpc,123,"Every letter of request, summons or warrant, received by the Central Government",105k,"Procedure in respect of letter of request. —Every letter of request, summons or warrant,",auto,"shared_keywords=['letter', 'request', 'summons', 'warrant']; title_jaccard=0.50"
crpc_to_bnss,123,"Every letter of request, summons or warrant, received by the Central Government",105k,"Procedure in respect of letter of request. —Every letter of request, summons or warrant,",auto,"shared_keywords=['letter', 'request', 'summons', 'warrant']; title_jaccard=0.50"
bnss_to_crpc,126,When an Executive Magistrate receives information that any person is likely,107,Security for keeping the peace in other cases .—(1) When an Executive Magistrate receives information,auto,"shared_keywords=['executive', 'information', 'magistrate', 'receives']; title_jaccard=0.44"
crpc_to_bnss,126,When an Executive Magistrate receives information that any person is likely,107,Security for keeping the peace in other cases .—(1) When an Executive Magistrate receives information,auto,"shared_keywords=['executive', 'information', 'magistrate', 'receives']; title_jaccard=0.44"
bnss_to_crpc,127,Security for good behavio ur from persons disseminating certain matters .—(1) When an,108,Security for good behaviour from persons disseminating seditious matters .—(1) When 1[an Executive,manual,manual: security for good behaviour — alarming reports (CrPC §108 → BNSS §127)
crpc_to_bnss,127,Security for good behavio ur from persons disseminating certain matters .—(1) When an,108,Security for good behaviour from persons disseminating seditious matters .—(1) When 1[an Executive,manual,manual: security for good behaviour — alarming reports (CrPC §108 → BNSS §127)
bnss_to_crpc,128,Security for good behaviour from suspected persons.—When an Executive Magistrate receives,109,Security for good behaviour from suspected persons. —When 2[an Executive Magistrate] receives,manual,manual: security for good behaviour — suspected persons (CrPC §109 → BNSS §128)
crpc_to_bnss,128,Security for good behaviour from suspected persons.—When an Executive Magistrate receives,109,Security for good behaviour from suspected persons. —When 2[an Executive Magistrate] receives,manual,manual: security for good behaviour — suspected persons (CrPC §109 → BNSS §128)
bnss_to_crpc,131,"If the person in respect of whom such order is made is present in Court, it shall",112,Procedure in respect of person present in Court. —If the person in respect of whom such order is made,auto,"shared_keywords=['made', 'present', 'respect']; title_jaccard=1.00"
crpc_to_bnss,131,"If the person in respect of whom such order is made is present in Court, it shall",112,Procedure in respect of person present in Court. —If the person in respect of whom such order is made,auto,"shared_keywords=['made', 'present', 'respect']; title_jaccard=1.00"
bnss_to_crpc,132,"If such person is not present in Court, the Magistrate shall issue a summons",113,"Summons or warrant in cas e of person not so present. —If such person is not present in Court, the",auto,"shared_keywords=['present', 'summons']; title_jaccard=0.40"
crpc_to_bnss,132,"If such person is not present in Court, the Magistrate shall issue a summons",113,"Summons or warrant in cas e of person not so present. —If such person is not present in Court, the",auto,"shared_keywords=['present', 'summons']; title_jaccard=0.40"
bnss_to_crpc,133,Every summons or warrant issued under section 132 shall be accompanied by a,114,Copy of order to accompany summons or warrant. —Every summons or warra nt issued under section,auto,"shared_keywords=['issued', 'summons', 'warrant']; title_jaccard=0.43"
crpc_to_bnss,133,Every summons or warrant issued under section 132 shall be accompanied by a,114,Copy of order to accompany summons or warrant. —Every summons or warra nt issued under section,auto,"shared_keywords=['issued', 'summons', 'warrant']; title_jaccard=0.43"
bnss_to_crpc,134,"The Magistrate may, if he sees sufficient cause, dispense with the personal",115,"Power to dispense with personal attendance. —The Magistrate may, if he sees sufficient cause, dispense",auto,"shared_keywords=['cause', 'dispense', 'magistrate', 'personal', 'sees', 'sufficient']; title_jaccard=0.86"
crpc_to_bnss,134,"The Magistrate may, if he sees sufficient cause, dispense with the personal",115,"Power to dispense with personal attendance. —The Magistrate may, if he sees sufficient cause, dispense",auto,"shared_keywords=['cause', 'dispense', 'magistrate', 'personal', 'sees', 'sufficient']; title_jaccard=0.86"
bnss_to_crpc,135,When an order under section 130 has been read or explained under,116,Inquiry as to truth of information. —(1) When an order under section 111 has been read or explained,auto,"shared_keywords=['explained', 'read']; title_jaccard=0.40"
crpc_to_bnss,135,When an order under section 130 has been read or explained under,116,Inquiry as to truth of information. —(1) When an order under section 111 has been read or explained,auto,"shared_keywords=['explained', 'read']; title_jaccard=0.40"
bnss_to_crpc,136,"If, upon such inquiry, it is proved that it is necessary for keeping the peace or",117,"Order to give security. —If, upon such inquiry, it is proved that it is necessary for keeping the peace or",auto,"shared_keywords=['inquiry', 'keeping', 'necessary', 'peace', 'proved']; title_jaccard=0.71"
crpc_to_bnss,136,"If, upon such inquiry, it is proved that it is necessary for keeping the peace or",117,"Order to give security. —If, upon such inquiry, it is proved that it is necessary for keeping the peace or",auto,"shared_keywords=['inquiry', 'keeping', 'necessary', 'peace', 'proved']; title_jaccard=0.71"
bnss_to_crpc,139,The bond to be executed by any such person shall bind him to keep the peace or,120,Contents of bond.—The bond to be executed by any such per son shall bind him to keep the peace or to be,auto,"shared_keywords=['bind', 'bond', 'executed', 'keep', 'peace']; title_jaccard=0.83"
crpc_to_bnss,139,The bond to be executed by any such person shall bind him to keep the peace or,120,Contents of bond.—The bond to be executed by any such per son shall bind him to keep the peace or to be,auto,"shared_keywords=['bind', 'bond', 'executed', 'keep', 'peace']; title_jaccard=0.83"
bnss_to_crpc,140,"A Magistrate may refuse to accept any surety offered, or may reject any",121,"Power to reject sureties. —(1) A Magistrate may refuse to accept any surety offered, or may reject any",auto,"shared_keywords=['accept', 'magistrate', 'offered', 'refuse', 'reject', 'surety']; title_jaccard=0.86"
crpc_to_bnss,140,"A Magistrate may refuse to accept any surety offered, or may reject any",121,"Power to reject sureties. —(1) A Magistrate may refuse to accept any surety offered, or may reject any",auto,"shared_keywords=['accept', 'magistrate', 'offered', 'refuse', 'reject', 'surety']; title_jaccard=0.86"
bnss_to_crpc,141,(a) If any person ordered to give security under section 127 or section 136,122,Imprisonment in default of security. —(1) (a) If any person ordered to give security under section 106 or,auto,"shared_keywords=['give', 'ordered', 'security']; title_jaccard=0.60"
crpc_to_bnss,141,(a) If any person ordered to give security under section 127 or section 136,122,Imprisonment in default of security. —(1) (a) If any person ordered to give security under section 106 or,auto,"shared_keywords=['give', 'ordered', 'security']; title_jaccard=0.60"
bnss_to_crpc,143,When a person for whose appearance a summons or warrant has been issued,256,"Non-appearance or death of complainant .—(1) If the summons has been issued on complaint, and on",auto,"shared_keywords=['appearance', 'issued', 'summons']; title_jaccard=0.43"
crpc_to_bnss,143,When a person for whose appearance a summons or warrant has been issued,256,"Non-appearance or death of complainant .—(1) If the summons has been issued on complaint, and on",auto,"shared_keywords=['appearance', 'issued', 'summons']; title_jaccard=0.43"
bnss_to_crpc,146,"On proof of a change in the circumstances of any person, receiving, under",127,"Alteration in allowance.—1[(1) On proof of a change in the circumstances of any person, receiving, under",auto,"shared_keywords=['change', 'circumstances', 'proof', 'receiving']; title_jaccard=0.67"
crpc_to_bnss,146,"On proof of a change in the circumstances of any person, receiving, under",127,"Alteration in allowance.—1[(1) On proof of a change in the circumstances of any person, receiving, under",auto,"shared_keywords=['change', 'circumstances', 'proof', 'receiving']; title_jaccard=0.67"
bnss_to_crpc,147,A copy of the order of maintenance or interim maintenance and expenses of,128,Enforcement of order of maintenance. —A copy of the order of 2[maintenance or interim maintenance,auto,"shared_keywords=['copy', 'interim', 'maintenance']; title_jaccard=0.60"
crpc_to_bnss,147,A copy of the order of maintenance or interim maintenance and expenses of,128,Enforcement of order of maintenance. —A copy of the order of 2[maintenance or interim maintenance,auto,"shared_keywords=['copy', 'interim', 'maintenance']; title_jaccard=0.60"
bnss_to_crpc,148,"Any Executive Magistrate or officer in charge of a police station or, in the",56,Person arrested to be taken before Magistrate or officer in charge of police station. —A,auto,"shared_keywords=['charge', 'magistrate', 'officer', 'police', 'station']; title_jaccard=0.56"
crpc_to_bnss,148,"Any Executive Magistrate or officer in charge of a police station or, in the",56,Person arrested to be taken before Magistrate or officer in charge of police station. —A,auto,"shared_keywords=['charge', 'magistrate', 'officer', 'police', 'station']; title_jaccard=0.56"
bnss_to_crpc,149,If any assembly referred to in sub-section (1) of section 148 cannot otherwise,130,"Use of armed forces to disperse assembly .—(1) If any such assembly cannot be otherwise dispersed, and",auto,"shared_keywords=['assembly', 'cannot', 'otherwise']; title_jaccard=0.38"
crpc_to_bnss,149,If any assembly referred to in sub-section (1) of section 148 cannot otherwise,130,"Use of armed forces to disperse assembly .—(1) If any such assembly cannot be otherwise dispersed, and",auto,"shared_keywords=['assembly', 'cannot', 'otherwise']; title_jaccard=0.38"
bnss_to_crpc,151,No prosecution against any person for any act purporting to be done under,132,Protection against prosecution for acts done under preceding sections .—(1) No prosecution against,auto,"shared_keywords=['against', 'done', 'prosecution']; title_jaccard=0.38"
crpc_to_bnss,151,No prosecution against any person for any act purporting to be done under,132,Protection against prosecution for acts done under preceding sections .—(1) No prosecution against,auto,"shared_keywords=['against', 'done', 'prosecution']; title_jaccard=0.38"
bnss_to_crpc,152,Whenever a District Magistrate or a Sub-divisional Magistrate or any other,133,Conditional order for removal of nuisance .—(1) Whenever a District Magistrate or a Sub -divisional,auto,"shared_keywords=['district', 'divisional', 'magistrate', 'whenever']; title_jaccard=0.57"
crpc_to_bnss,152,Whenever a District Magistrate or a Sub-divisional Magistrate or any other,133,Conditional order for removal of nuisance .—(1) Whenever a District Magistrate or a Sub -divisional,auto,"shared_keywords=['district', 'divisional', 'magistrate', 'whenever']; title_jaccard=0.57"
bnss_to_crpc,153,"The order shall, if practicable, be served on the person against whom it is",134,"Service or notification of order .—(1) The order shall, if practicable, be served on the person against",auto,"shared_keywords=['against', 'practicable', 'served']; title_jaccard=0.60"
crpc_to_bnss,153,"The order shall, if practicable, be served on the person against whom it is",134,"Service or notification of order .—(1) The order shall, if practicable, be served on the person against",auto,"shared_keywords=['against', 'practicable', 'served']; title_jaccard=0.60"
bnss_to_crpc,157,If the person against whom an order under section 152 is made appears and,138,Procedure where he appears to show cause .—(1) If the person against whom an order under section 133,auto,"shared_keywords=['against', 'appears']; title_jaccard=0.40"
crpc_to_bnss,157,If the person against whom an order under section 152 is made appears and,138,Procedure where he appears to show cause .—(1) If the person against whom an order under section 133,auto,"shared_keywords=['against', 'appears']; title_jaccard=0.40"
bnss_to_crpc,159,( 1) Where the Magistrate directs a local investigation by any person under,139,"Power of Magistrate to direct local investigation and examination of an expert. —The Magistrate may,",auto,"shared_keywords=['investigation', 'local', 'magistrate']; title_jaccard=0.43"
crpc_to_bnss,159,( 1) Where the Magistrate directs a local investigation by any person under,139,"Power of Magistrate to direct local investigation and examination of an expert. —The Magistrate may,",auto,"shared_keywords=['investigation', 'local', 'magistrate']; title_jaccard=0.43"
bnss_to_crpc,160,"When an order has been made absolute under section 155 or section 157, the",141,Procedure on order being made absolute and consequences of disobedience .—(1) When an order has,auto,"shared_keywords=['absolute', 'made']; title_jaccard=0.50"
crpc_to_bnss,160,"When an order has been made absolute under section 155 or section 157, the",141,Procedure on order being made absolute and consequences of disobedience .—(1) When an order has,auto,"shared_keywords=['absolute', 'made']; title_jaccard=0.50"
bnss_to_crpc,161,If a Magistrate making an order under section 152 considers that immediate,142,Injunction pending inquiry .—(1) If a Magistrate making an order under section 133 considers that,auto,"shared_keywords=['considers', 'magistrate', 'making']; title_jaccard=0.50"
crpc_to_bnss,161,If a Magistrate making an order under section 152 considers that immediate,142,Injunction pending inquiry .—(1) If a Magistrate making an order under section 133 considers that,auto,"shared_keywords=['considers', 'magistrate', 'making']; title_jaccard=0.50"
bnss_to_crpc,164,( 1) Whenever an Executive Magistrate is satisfied from a report of a police,147,Dispute concerning right of use of land or water .—(1) Whenever an Executive Magistrate is,auto,"shared_keywords=['executive', 'magistrate', 'whenever']; title_jaccard=0.27"
crpc_to_bnss,164,( 1) Whenever an Executive Magistrate is satisfied from a report of a police,147,Dispute concerning right of use of land or water .—(1) Whenever an Executive Magistrate is,auto,"shared_keywords=['executive', 'magistrate', 'whenever']; title_jaccard=0.27"
bnss_to_crpc,167,"( 1) Whenever a local inquiry is necessary for the purposes of section 164,",148,"Local inquiry.—(1) Whenever a local inquiry is necessary for the purposes of section 145, section 146 or",auto,"shared_keywords=['inquiry', 'local', 'necessary', 'purposes', 'whenever']; title_jaccard=1.00"
crpc_to_bnss,167,"( 1) Whenever a local inquiry is necessary for the purposes of section 164,",148,"Local inquiry.—(1) Whenever a local inquiry is necessary for the purposes of section 145, section 146 or",auto,"shared_keywords=['inquiry', 'local', 'necessary', 'purposes', 'whenever']; title_jaccard=1.00"
bnss_to_crpc,168,"Every police officer may interpose for the purpose of preventing, and shall, to",149,"Police to prevent cognizable offences.—Every police officer may interpose for the purpose of preventing,",auto,"shared_keywords=['interpose', 'officer', 'police', 'preventing', 'purpose']; title_jaccard=0.62"
crpc_to_bnss,168,"Every police officer may interpose for the purpose of preventing, and shall, to",149,"Police to prevent cognizable offences.—Every police officer may interpose for the purpose of preventing,",auto,"shared_keywords=['interpose', 'officer', 'police', 'preventing', 'purpose']; title_jaccard=0.62"
bnss_to_crpc,169,Every police officer receiving information of a design to commit any cognizable,150,Information of design to commit cognizable offences .—Every police officer receiving information of a,auto,"shared_keywords=['cognizable', 'commit', 'design', 'information', 'officer', 'police', 'receiving']; title_jaccard=0.88"
crpc_to_bnss,169,Every police officer receiving information of a design to commit any cognizable,150,Information of design to commit cognizable offences .—Every police officer receiving information of a,auto,"shared_keywords=['cognizable', 'commit', 'design', 'information', 'officer', 'police', 'receiving']; title_jaccard=0.88"
bnss_to_crpc,170,A police officer knowing of a design to commit any cognizable offence may,151,Arrest to prevent the commission of cognizable offences .—(1) A police officer knowing of a design to,auto,"shared_keywords=['cognizable', 'design', 'knowing', 'officer', 'police']; title_jaccard=0.45"
crpc_to_bnss,170,A police officer knowing of a design to commit any cognizable offence may,151,Arrest to prevent the commission of cognizable offences .—(1) A police officer knowing of a design to,auto,"shared_keywords=['cognizable', 'design', 'knowing', 'officer', 'police']; title_jaccard=0.45"
bnss_to_crpc,171,A police officer may of his own authority interpose to prevent any injury attempted,152,Prevention of injury to public property .—A police officer may of his own authority interpose to prevent,auto,"shared_keywords=['authority', 'injury', 'interpose', 'officer', 'police', 'prevent']; title_jaccard=0.60"
crpc_to_bnss,171,A police officer may of his own authority interpose to prevent any injury attempted,152,Prevention of injury to public property .—A police officer may of his own authority interpose to prevent,auto,"shared_keywords=['authority', 'injury', 'interpose', 'officer', 'police', 'prevent']; title_jaccard=0.60"
bnss_to_crpc,173,Information in cognizable cases .—(1) Every information relating to the commission of a,154,Information in cognizable cases .—(1) Every information relating to the commission of a cognizable,manual,manual: FIR / cognizable information (CrPC §154 → BNSS §173)
crpc_to_bnss,173,Information in cognizable cases .—(1) Every information relating to the commission of a,154,Information in cognizable cases .—(1) Every information relating to the commission of a cognizable,manual,manual: FIR / cognizable information (CrPC §154 → BNSS §173)
bnss_to_crpc,174,Information as to non -cognizable cases and investigation of such cases. —(1) When,155,Information as to non-cognizable cases and investigation of such cases.—(1) When information is given to,manual,manual: non-cognizable case information (CrPC §155 → BNSS §174)
crpc_to_bnss,174,Information as to non -cognizable cases and investigation of such cases. —(1) When,155,Information as to non-cognizable cases and investigation of such cases.—(1) When information is given to,manual,manual: non-cognizable case information (CrPC §155 → BNSS §174)
bnss_to_crpc,175,"Any officer in charge of a police station may, without the order of a Magistrate,",153,"Inspection of weights and measures .—(1) Any officer in charge of a police station may , without a",auto,"shared_keywords=['charge', 'officer', 'police', 'station', 'without']; title_jaccard=0.56"
crpc_to_bnss,175,"Any officer in charge of a police station may, without the order of a Magistrate,",153,"Inspection of weights and measures .—(1) Any officer in charge of a police station may , without a",auto,"shared_keywords=['charge', 'officer', 'police', 'station', 'without']; title_jaccard=0.56"
bnss_to_crpc,176,"If, from information received or otherwise, an officer in charge of a police",157,"Procedure for investigation .—(1) If, from information received or otherwise, an officer in charge of a",auto,"shared_keywords=['charge', 'information', 'officer', 'otherwise', 'received']; title_jaccard=0.71"
crpc_to_bnss,176,"If, from information received or otherwise, an officer in charge of a police",157,"Procedure for investigation .—(1) If, from information received or otherwise, an officer in charge of a",auto,"shared_keywords=['charge', 'information', 'officer', 'otherwise', 'received']; title_jaccard=0.71"
bnss_to_crpc,177,"( 1) Every report sent to a Magistrate under section 176 shall, if the State",158,"Report how submitted .—(1) Every report sent to a Magistrate under section 157 shall, if the State",auto,"shared_keywords=['magistrate', 'report', 'sent', 'state']; title_jaccard=0.80"
crpc_to_bnss,177,"( 1) Every report sent to a Magistrate under section 176 shall, if the State",158,"Report how submitted .—(1) Every report sent to a Magistrate under section 157 shall, if the State",auto,"shared_keywords=['magistrate', 'report', 'sent', 'state']; title_jaccard=0.80"
bnss_to_crpc,178,"The Magistrate, on receiving report under section 176, may direct an investigation,",159,"Power to hold investigation or preliminary inquiry.—Such Magistrate, on receiving such report, may direct",auto,"shared_keywords=['direct', 'investigation', 'magistrate', 'receiving', 'report']; title_jaccard=0.62"
crpc_to_bnss,178,"The Magistrate, on receiving report under section 176, may direct an investigation,",159,"Power to hold investigation or preliminary inquiry.—Such Magistrate, on receiving such report, may direct",auto,"shared_keywords=['direct', 'investigation', 'magistrate', 'receiving', 'report']; title_jaccard=0.62"
bnss_to_crpc,179,"Any police officer making an investigation under this Chapter may, by order",161,"Examination of witnesses by police .—(1) Any police officer making an investigation under this Chapter,",auto,"shared_keywords=['chapter', 'investigation', 'making', 'officer', 'police']; title_jaccard=0.71"
crpc_to_bnss,179,"Any police officer making an investigation under this Chapter may, by order",161,"Examination of witnesses by police .—(1) Any police officer making an investigation under this Chapter,",auto,"shared_keywords=['chapter', 'investigation', 'making', 'officer', 'police']; title_jaccard=0.71"
bnss_to_crpc,180,"Any police officer making an investigation under this Chapter, or any police",160,Police officer’s power to require attendance of witnesses.—(1) Any police officer making an investigation,auto,"shared_keywords=['investigation', 'making', 'officer', 'police']; title_jaccard=0.50"
crpc_to_bnss,180,"Any police officer making an investigation under this Chapter, or any police",160,Police officer’s power to require attendance of witnesses.—(1) Any police officer making an investigation,auto,"shared_keywords=['investigation', 'making', 'officer', 'police']; title_jaccard=0.50"
bnss_to_crpc,181,No statement made by any person to a police officer in the course of an,162,Statements to police not t o be signed: Use of statements in evidence .—(1) No statement made by any,auto,"shared_keywords=['made', 'police', 'statement']; title_jaccard=0.38"
crpc_to_bnss,181,No statement made by any person to a police officer in the course of an,162,Statements to police not t o be signed: Use of statements in evidence .—(1) No statement made by any,auto,"shared_keywords=['made', 'police', 'statement']; title_jaccard=0.38"
bnss_to_crpc,182,"No police officer or other person in authority shall offer or make, or cause to",163,"No inducement to be offered .—(1) No police officer or other person in authority shal l offer or make, or",auto,"shared_keywords=['authority', 'make', 'offer', 'officer', 'police']; title_jaccard=0.56"
crpc_to_bnss,182,"No police officer or other person in authority shall offer or make, or cause to",163,"No inducement to be offered .—(1) No police officer or other person in authority shal l offer or make, or",auto,"shared_keywords=['authority', 'make', 'offer', 'officer', 'police']; title_jaccard=0.56"
bnss_to_crpc,183,Recording of confessions and statements .—(1) Any Magistrate of the District in which the,164,"Recording of confessions and statements.—(1) Any Metropolitan Magistrate or Judicial Magistrate may,",manual,manual: recording of confessions and statements (CrPC §164 → BNSS §183)
crpc_to_bnss,183,Recording of confessions and statements .—(1) Any Magistrate of the District in which the,164,"Recording of confessions and statements.—(1) Any Metropolitan Magistrate or Judicial Magistrate may,",manual,manual: recording of confessions and statements (CrPC §164 → BNSS §183)
bnss_to_crpc,184,"Where, during the stage when an offence of committing rape or attempt to",164a,"Medical examination of the victim of rape .—(1) Where, during the stage when an offence of",auto,"shared_keywords=['during', 'offence', 'rape', 'stage']; title_jaccard=0.44"
crpc_to_bnss,184,"Where, during the stage when an offence of committing rape or attempt to",164a,"Medical examination of the victim of rape .—(1) Where, during the stage when an offence of",auto,"shared_keywords=['during', 'offence', 'rape', 'stage']; title_jaccard=0.44"
bnss_to_crpc,187,"Whenever any person is arrested and detained in custody, and it appears",335,Person acquitted on such ground to be detained in safe custody. —(1) Whenever the finding states that,auto,"shared_keywords=['custody', 'detained', 'whenever']; title_jaccard=0.30"
crpc_to_bnss,187,"Whenever any person is arrested and detained in custody, and it appears",335,Person acquitted on such ground to be detained in safe custody. —(1) Whenever the finding states that,auto,"shared_keywords=['custody', 'detained', 'whenever']; title_jaccard=0.30"
bnss_to_crpc,188,When any subordinate police officer has made any investigation under this,168,Report of investigation by subordinate police officer .—When any subordinate police officer has made,auto,"shared_keywords=['investigation', 'made', 'officer', 'police', 'subordinate']; title_jaccard=0.83"
crpc_to_bnss,188,When any subordinate police officer has made any investigation under this,168,Report of investigation by subordinate police officer .—When any subordinate police officer has made,auto,"shared_keywords=['investigation', 'made', 'officer', 'police', 'subordinate']; title_jaccard=0.83"
bnss_to_crpc,189,"If, upon an investigation under this Chapter, it appears to the officer in charge of",169,"Release of accused when evidence deficie nt.—If, upon an investigation under this Chapter, it appears to",auto,"shared_keywords=['appears', 'chapter', 'investigation']; title_jaccard=0.33"
crpc_to_bnss,189,"If, upon an investigation under this Chapter, it appears to the officer in charge of",169,"Release of accused when evidence deficie nt.—If, upon an investigation under this Chapter, it appears to",auto,"shared_keywords=['appears', 'chapter', 'investigation']; title_jaccard=0.33"
bnss_to_crpc,191,No complainant or witness on his way to any Court shall be required to accompany,171,Complainant and witnesses not to be required to accompany police officer and not to be subjected to,auto,"shared_keywords=['accompany', 'complainant', 'required']; title_jaccard=0.38"
crpc_to_bnss,191,No complainant or witness on his way to any Court shall be required to accompany,171,Complainant and witnesses not to be required to accompany police officer and not to be subjected to,auto,"shared_keywords=['accompany', 'complainant', 'required']; title_jaccard=0.38"
bnss_to_crpc,192,Diary of proceedings in investigation.—(1) Every police officer making an investigation under,172,Diary of proceedings in investigation .—(1) Every police officer maki ng an investigation under this,manual,manual: investigation case diary (CrPC §172 → BNSS §192)
crpc_to_bnss,192,Diary of proceedings in investigation.—(1) Every police officer making an investigation under,172,Diary of proceedings in investigation .—(1) Every police officer maki ng an investigation under this,manual,manual: investigation case diary (CrPC §172 → BNSS §192)
bnss_to_crpc,193,Report of police officer on completion of investigation .—(1) Every investigation under this,173,Report of police officer on completion of investigati on.—(1) Every investigation under this Chapter,manual,manual: police report on completion of investigation (CrPC §173 → BNSS §193)
crpc_to_bnss,193,Report of police officer on completion of investigation .—(1) Every investigation under this,173,Report of police officer on completion of investigati on.—(1) Every investigation under this Chapter,manual,manual: police report on completion of investigation (CrPC §173 → BNSS §193)
bnss_to_crpc,194,When the officer in charge of a police station or some other police officer,174,"Police to enquire and report on suicide, etc. —(1) When the officer in charge of a police station or some",auto,"shared_keywords=['charge', 'officer', 'police', 'some', 'station']; title_jaccard=0.62"
crpc_to_bnss,194,When the officer in charge of a police station or some other police officer,174,"Police to enquire and report on suicide, etc. —(1) When the officer in charge of a police station or some",auto,"shared_keywords=['charge', 'officer', 'police', 'some', 'station']; title_jaccard=0.62"
bnss_to_crpc,195,"A police officer proceeding under section 194 may, by order in writing, summon",175,"Power to summon persons .—(1) A police officer proceeding under section 174 may, by order",auto,"shared_keywords=['officer', 'police', 'proceeding', 'summon']; title_jaccard=0.80"
crpc_to_bnss,195,"A police officer proceeding under section 194 may, by order in writing, summon",175,"Power to summon persons .—(1) A police officer proceeding under section 174 may, by order",auto,"shared_keywords=['officer', 'police', 'proceeding', 'summon']; title_jaccard=0.80"
bnss_to_crpc,196,( 1) When the case is of the nature referred to in clause ( i) or clause ( ii) of,176,Inquiry by Magistrate into cause of death .—(1) 2[3*** when the case is of the nature referred,auto,"shared_keywords=['case', 'nature', 'referred']; title_jaccard=0.38"
crpc_to_bnss,196,( 1) When the case is of the nature referred to in clause ( i) or clause ( ii) of,176,Inquiry by Magistrate into cause of death .—(1) 2[3*** when the case is of the nature referred,auto,"shared_keywords=['case', 'nature', 'referred']; title_jaccard=0.38"
bnss_to_crpc,197,Every offence shall ordinarily be inquired into and tried by a Court within whose,177,Ordinary place of inquiry and trial.—Every offence shall ordinarily be inquired into and tried,auto,"shared_keywords=['inquired', 'offence', 'ordinarily', 'tried']; title_jaccard=0.44"
crpc_to_bnss,197,Every offence shall ordinarily be inquired into and tried by a Court within whose,177,Ordinary place of inquiry and trial.—Every offence shall ordinarily be inquired into and tried,auto,"shared_keywords=['inquired', 'offence', 'ordinarily', 'tried']; title_jaccard=0.44"
bnss_to_crpc,198,( a) When it is uncertain in which of several local areas an offence was,178,Place of inquiry or trial .—(a) When it is uncertain in which of several local areas an offence,auto,"shared_keywords=['areas', 'local', 'offence', 'several', 'uncertain']; title_jaccard=0.62"
crpc_to_bnss,198,( a) When it is uncertain in which of several local areas an offence was,178,Place of inquiry or trial .—(a) When it is uncertain in which of several local areas an offence,auto,"shared_keywords=['areas', 'local', 'offence', 'several', 'uncertain']; title_jaccard=0.62"
bnss_to_crpc,200,When an act is an offence by reason of its relation to any other act which is also,180,Place of trial where act is an offence by reason of relation to other offence .—When an act is an offence,auto,"shared_keywords=['offence', 'reason', 'relation']; title_jaccard=0.50"
crpc_to_bnss,200,When an act is an offence by reason of its relation to any other act which is also,180,Place of trial where act is an offence by reason of relation to other offence .—When an act is an offence,auto,"shared_keywords=['offence', 'reason', 'relation']; title_jaccard=0.50"
bnss_to_crpc,202,"Any offence which includes cheating may, if the deception is practised by",182,"Offences committed by letters, etc .—(1) Any offence which includes cheating may, if the deception is",auto,"shared_keywords=['cheating', 'deception', 'includes', 'offence']; title_jaccard=0.50"
crpc_to_bnss,202,"Any offence which includes cheating may, if the deception is practised by",182,"Offences committed by letters, etc .—(1) Any offence which includes cheating may, if the deception is",auto,"shared_keywords=['cheating', 'deception', 'includes', 'offence']; title_jaccard=0.50"
bnss_to_crpc,203,"When an offence is committed whilst the person by or against whom, or the",183,Offence committed on journey or voyage .—When an offence is committed whilst the person by or,auto,"shared_keywords=['committed', 'offence', 'whilst']; title_jaccard=0.50"
crpc_to_bnss,203,"When an offence is committed whilst the person by or against whom, or the",183,Offence committed on journey or voyage .—When an offence is committed whilst the person by or,auto,"shared_keywords=['committed', 'offence', 'whilst']; title_jaccard=0.50"
bnss_to_crpc,205,"Notwithstanding anything contained in the preceding provisions of this Chapter,",380,"Special right of appeal in certain cases. —Notwithstanding anything contained in this Chapter, when",auto,"shared_keywords=['anything', 'chapter', 'contained', 'notwithstanding']; title_jaccard=0.36"
crpc_to_bnss,205,"Notwithstanding anything contained in the preceding provisions of this Chapter,",380,"Special right of appeal in certain cases. —Notwithstanding anything contained in this Chapter, when",auto,"shared_keywords=['anything', 'chapter', 'contained', 'notwithstanding']; title_jaccard=0.36"
bnss_to_crpc,208,When an offence is committed outside India,188,Offence committed outside India.—When an offence is committed outside India,auto,"shared_keywords=['committed', 'india', 'offence', 'outside']; title_jaccard=1.00"
crpc_to_bnss,208,When an offence is committed outside India,188,Offence committed outside India.—When an offence is committed outside India,auto,"shared_keywords=['committed', 'india', 'offence', 'outside']; title_jaccard=1.00"
bnss_to_crpc,209,When any offence alleged to have been committed in a territory outside India is,189,Receipt of evidence relating to offences committed outside India .—When any offence alleged to have,auto,"shared_keywords=['alleged', 'committed', 'india', 'offence', 'outside']; title_jaccard=0.50"
crpc_to_bnss,209,When any offence alleged to have been committed in a territory outside India is,189,Receipt of evidence relating to offences committed outside India .—When any offence alleged to have,auto,"shared_keywords=['alleged', 'committed', 'india', 'offence', 'outside']; title_jaccard=0.50"
bnss_to_crpc,211,When a Magistrate takes cognizance of an offence under clause ( c) of,191,Transfer on application of the accused .—When a Magistrate takes cognizance of an off ence under,auto,"shared_keywords=['cognizance', 'magistrate', 'takes']; title_jaccard=0.33"
crpc_to_bnss,211,When a Magistrate takes cognizance of an offence under clause ( c) of,191,Transfer on application of the accused .—When a Magistrate takes cognizance of an off ence under,auto,"shared_keywords=['cognizance', 'magistrate', 'takes']; title_jaccard=0.33"
bnss_to_crpc,212,"Any Chief Judicial Magistrate may, after taking cognizance of an offence,",192,"Making over of cases to Magistrates.—(1) Any Chief Judicial Magistrate may, after taking cognizance of",auto,"shared_keywords=['after', 'chief', 'cognizance', 'judicial', 'magistrate', 'taking']; title_jaccard=0.55"
crpc_to_bnss,212,"Any Chief Judicial Magistrate may, after taking cognizance of an offence,",192,"Making over of cases to Magistrates.—(1) Any Chief Judicial Magistrate may, after taking cognizance of",auto,"shared_keywords=['after', 'chief', 'cognizance', 'judicial', 'magistrate', 'taking']; title_jaccard=0.55"
bnss_to_crpc,213,Except as otherwise expressly provided by this Sanhita or by any other law for,193,Cognizance of offences by Courts of Session .—Except as otherwise expressly provided by this Code or,auto,"shared_keywords=['except', 'expressly', 'otherwise', 'provided']; title_jaccard=0.50"
crpc_to_bnss,213,Except as otherwise expressly provided by this Sanhita or by any other law for,193,Cognizance of offences by Courts of Session .—Except as otherwise expressly provided by this Code or,auto,"shared_keywords=['except', 'expressly', 'otherwise', 'provided']; title_jaccard=0.50"
bnss_to_crpc,214,An Additional Sessions Judge shall try such cases as the Sessions Judge of the,194,Additional and Assistant Sessions Judges to try cases made over to them .—As Additional Sessions,auto,"shared_keywords=['additional', 'cases', 'sessions']; title_jaccard=0.33"
crpc_to_bnss,214,An Additional Sessions Judge shall try such cases as the Sessions Judge of the,194,Additional and Assistant Sessions Judges to try cases made over to them .—As Additional Sessions,auto,"shared_keywords=['additional', 'cases', 'sessions']; title_jaccard=0.33"
bnss_to_crpc,218,When any person who is or was a Judge or Magistrate or a public servant not,197,Prosecution of Judges and public servants. —(1) When any person who is or was a Judge or Magistrate,auto,"shared_keywords=['judge', 'magistrate', 'public']; title_jaccard=0.43"
crpc_to_bnss,218,When any person who is or was a Judge or Magistrate or a public servant not,197,Prosecution of Judges and public servants. —(1) When any person who is or was a Judge or Magistrate,auto,"shared_keywords=['judge', 'magistrate', 'public']; title_jaccard=0.43"
bnss_to_crpc,219,No Court shall take cognizance of an offence punishable under Chapter V of,198,Prosecution for offences against marriage. —(1) No Court shall take cognizance of an offence,auto,"shared_keywords=['cognizance', 'offence', 'take']; title_jaccard=0.33"
crpc_to_bnss,219,No Court shall take cognizance of an offence punishable under Chapter V of,198,Prosecution for offences against marriage. —(1) No Court shall take cognizance of an offence,auto,"shared_keywords=['cognizance', 'offence', 'take']; title_jaccard=0.33"
bnss_to_crpc,220,No Court shall take cognizance of an offence punishable under section 84 of the,198b,Cognizance of offence .—No Court shall take cognizance of an offence punishable under,auto,"shared_keywords=['cognizance', 'offence', 'punishable', 'take']; title_jaccard=1.00"
crpc_to_bnss,220,No Court shall take cognizance of an offence punishable under section 84 of the,198b,Cognizance of offence .—No Court shall take cognizance of an offence punishable under,auto,"shared_keywords=['cognizance', 'offence', 'punishable', 'take']; title_jaccard=1.00"
bnss_to_crpc,221,No Court shall take cognizance of an offence punishable under section 67 of the,199,Prosecution for defamation. —(1) No Court shall take cognizance of an offence punishable,auto,"shared_keywords=['cognizance', 'offence', 'punishable', 'take']; title_jaccard=0.67"
crpc_to_bnss,221,No Court shall take cognizance of an offence punishable under section 67 of the,199,Prosecution for defamation. —(1) No Court shall take cognizance of an offence punishable,auto,"shared_keywords=['cognizance', 'offence', 'punishable', 'take']; title_jaccard=0.67"
bnss_to_crpc,223,A Magistrate having jurisdiction while taking cognizance of an offence on,200,Examination o f complainant. —A Magistrate taking cognizance of an offence on complaint,auto,"shared_keywords=['cognizance', 'magistrate', 'offence', 'taking']; title_jaccard=0.40"
crpc_to_bnss,223,A Magistrate having jurisdiction while taking cognizance of an offence on,200,Examination o f complainant. —A Magistrate taking cognizance of an offence on complaint,auto,"shared_keywords=['cognizance', 'magistrate', 'offence', 'taking']; title_jaccard=0.40"
bnss_to_crpc,224,If the complaint is made to a Magistrate who is not competent to take cognizance,201,Procedure by Magistrate not competent to take cognizance of the case .—If the complaint is,auto,"shared_keywords=['cognizance', 'competent', 'complaint', 'magistrate', 'take']; title_jaccard=0.71"
crpc_to_bnss,224,If the complaint is made to a Magistrate who is not competent to take cognizance,201,Procedure by Magistrate not competent to take cognizance of the case .—If the complaint is,auto,"shared_keywords=['cognizance', 'competent', 'complaint', 'magistrate', 'take']; title_jaccard=0.71"
bnss_to_crpc,225,"( 1) Any Magistrate, on receipt of a complaint of an offence of which he is",202,"Postponement of issue of process.—(1) Any Magistrate, on receipt of a complaint of an offence",auto,"shared_keywords=['complaint', 'magistrate', 'offence', 'receipt']; title_jaccard=0.57"
crpc_to_bnss,225,"( 1) Any Magistrate, on receipt of a complaint of an offence of which he is",202,"Postponement of issue of process.—(1) Any Magistrate, on receipt of a complaint of an offence",auto,"shared_keywords=['complaint', 'magistrate', 'offence', 'receipt']; title_jaccard=0.57"
bnss_to_crpc,226,"If, after considering the statements on oath (if any) of the complainant and of the",203,"Dismissal of complaint. —If, after considering the statements on oath (if any) of the",auto,"shared_keywords=['after', 'considering', 'oath', 'statements']; title_jaccard=0.57"
crpc_to_bnss,226,"If, after considering the statements on oath (if any) of the complainant and of the",203,"Dismissal of complaint. —If, after considering the statements on oath (if any) of the",auto,"shared_keywords=['after', 'considering', 'oath', 'statements']; title_jaccard=0.57"
bnss_to_crpc,227,If in the opinion of a Magistrate taking cognizance of an offence there is,204,Issue of process.—(1) If in the opinion of a Magistrate taking cogniz ance of an offence there is,auto,"shared_keywords=['magistrate', 'offence', 'opinion', 'taking', 'there']; title_jaccard=0.50"
crpc_to_bnss,227,If in the opinion of a Magistrate taking cognizance of an offence there is,204,Issue of process.—(1) If in the opinion of a Magistrate taking cogniz ance of an offence there is,auto,"shared_keywords=['magistrate', 'offence', 'opinion', 'taking', 'there']; title_jaccard=0.50"
bnss_to_crpc,229,"If, in the opinion of a Magistrate taking cognizance of a petty offence, the",206,"Special summons in cases of petty offence. —(1) If, in the opinion of a Magistrate taking",auto,"shared_keywords=['magistrate', 'offence', 'opinion', 'petty', 'taking']; title_jaccard=0.56"
crpc_to_bnss,229,"If, in the opinion of a Magistrate taking cognizance of a petty offence, the",206,"Special summons in cases of petty offence. —(1) If, in the opinion of a Magistrate taking",auto,"shared_keywords=['magistrate', 'offence', 'opinion', 'petty', 'taking']; title_jaccard=0.56"
bnss_to_crpc,232,"When in a case instituted on a police report or otherwise, the accused appears or",207,Supply to the accused of copy of police report and other documents. —In any case where,auto,"shared_keywords=['accused', 'case', 'police', 'report']; title_jaccard=0.40"
crpc_to_bnss,232,"When in a case instituted on a police report or otherwise, the accused appears or",207,Supply to the accused of copy of police report and other documents. —In any case where,auto,"shared_keywords=['accused', 'case', 'police', 'report']; title_jaccard=0.40"
bnss_to_crpc,234,Every charge under this Sanhita shall state the offence with which the accused,211,Contents of charge. —(1) Every charge under this Code shall state the offence with which the,auto,"shared_keywords=['charge', 'offence', 'state']; title_jaccard=0.50"
crpc_to_bnss,234,Every charge under this Sanhita shall state the offence with which the accused,211,Contents of charge. —(1) Every charge under this Code shall state the offence with which the,auto,"shared_keywords=['charge', 'offence', 'state']; title_jaccard=0.50"
bnss_to_crpc,235,The charge shall contain such particulars as to the time and place of the,212,"Particulars as to time, place and person. —(1) The charge shall contain such particulars as to",auto,"shared_keywords=['charge', 'contain', 'particulars', 'place', 'time']; title_jaccard=1.00"
crpc_to_bnss,235,The charge shall contain such particulars as to the time and place of the,212,"Particulars as to time, place and person. —(1) The charge shall contain such particulars as to",auto,"shared_keywords=['charge', 'contain', 'particulars', 'place', 'time']; title_jaccard=1.00"
bnss_to_crpc,237,In every charge words used in describing an offence shall be deemed to have,214,Words in charge taken in sense of law under which offence is punishable. —In every charge,auto,"shared_keywords=['charge', 'offence', 'words']; title_jaccard=0.33"
crpc_to_bnss,237,In every charge words used in describing an offence shall be deemed to have,214,Words in charge taken in sense of law under which offence is punishable. —In every charge,auto,"shared_keywords=['charge', 'offence', 'words']; title_jaccard=0.33"
bnss_to_crpc,238,No error in stating either the offence or the particulars required to be stated in,215,Effect of errors.— No error in stating either the offence or the particulars required to be stated,auto,"shared_keywords=['either', 'error', 'offence', 'particulars', 'required', 'stated', 'stating']; title_jaccard=0.78"
crpc_to_bnss,238,No error in stating either the offence or the particulars required to be stated in,215,Effect of errors.— No error in stating either the offence or the particulars required to be stated,auto,"shared_keywords=['either', 'error', 'offence', 'particulars', 'required', 'stated', 'stating']; title_jaccard=0.78"
bnss_to_crpc,239,Any Court may alter or add to any charge at any time before judgment is,216,Court may alter charge .—(1) Any Court may alter or add to any charge at any time before,auto,"shared_keywords=['alter', 'before', 'charge', 'time']; title_jaccard=0.80"
crpc_to_bnss,239,Any Court may alter or add to any charge at any time before judgment is,216,Court may alter charge .—(1) Any Court may alter or add to any charge at any time before,auto,"shared_keywords=['alter', 'before', 'charge', 'time']; title_jaccard=0.80"
bnss_to_crpc,240,Whenever a charge is altered or added to by the Court after the commencement,217,Recall of witnesses when c harge altered.—Whenever a charge is altered or added to by the,auto,"shared_keywords=['added', 'altered', 'charge', 'whenever']; title_jaccard=0.44"
crpc_to_bnss,240,Whenever a charge is altered or added to by the Court after the commencement,217,Recall of witnesses when c harge altered.—Whenever a charge is altered or added to by the,auto,"shared_keywords=['added', 'altered', 'charge', 'whenever']; title_jaccard=0.44"
bnss_to_crpc,241,Separate charges for distinct offences .—(1) For every distinct offence of which any person is,218,Separate charges for distinct offences. —(1) For every distinct offence of which any person is,manual,manual: separate charges for distinct offences (CrPC §218 → BNSS §241)
crpc_to_bnss,241,Separate charges for distinct offences .—(1) For every distinct offence of which any person is,218,Separate charges for distinct offences. —(1) For every distinct offence of which any person is,manual,manual: separate charges for distinct offences (CrPC §218 → BNSS §241)
bnss_to_crpc,242,( 1) When a person is accused of more offences than one of the same kind,219,Three offences of same kind within year may be charged together. —(1) When a person is,auto,"shared_keywords=['kind', 'offences', 'same']; title_jaccard=0.27"
crpc_to_bnss,242,( 1) When a person is accused of more offences than one of the same kind,219,Three offences of same kind within year may be charged together. —(1) When a person is,auto,"shared_keywords=['kind', 'offences', 'same']; title_jaccard=0.27"
bnss_to_crpc,243,"If, in one series of acts so connected together as to form the same transaction,",220,"Trial for more than one offence.—(1) If, in one series of acts so connected together as to form",auto,"shared_keywords=['acts', 'connected', 'form', 'series', 'together']; title_jaccard=0.45"
crpc_to_bnss,243,"If, in one series of acts so connected together as to form the same transaction,",220,"Trial for more than one offence.—(1) If, in one series of acts so connected together as to form",auto,"shared_keywords=['acts', 'connected', 'form', 'series', 'together']; title_jaccard=0.45"
bnss_to_crpc,244,If a single act or series of acts is of such a nature that it is doubtful which of,221,Where it is doubtful what offence has been committed. —(1) If a single act or series of acts is,auto,"shared_keywords=['acts', 'doubtful', 'series', 'single']; title_jaccard=0.50"
crpc_to_bnss,244,If a single act or series of acts is of such a nature that it is doubtful which of,221,Where it is doubtful what offence has been committed. —(1) If a single act or series of acts is,auto,"shared_keywords=['acts', 'doubtful', 'series', 'single']; title_jaccard=0.50"
bnss_to_crpc,246,"The following persons may be charged and tried together, namely:",223,What persons may be charged jointly. —The following persons may be charged and tried,auto,"shared_keywords=['charged', 'following', 'tried']; title_jaccard=0.43"
crpc_to_bnss,246,"The following persons may be charged and tried together, namely:",223,What persons may be charged jointly. —The following persons may be charged and tried,auto,"shared_keywords=['charged', 'following', 'tried']; title_jaccard=0.43"
bnss_to_crpc,248,"In every trial before a Court of Session, the prosecution shall be conducted by a",225,"Trial to be conducted by Public Prosecutor. —In every trial before a Court of Session, the",auto,"shared_keywords=['before', 'conducted', 'session', 'trial']; title_jaccard=0.57"
crpc_to_bnss,248,"In every trial before a Court of Session, the prosecution shall be conducted by a",225,"Trial to be conducted by Public Prosecutor. —In every trial before a Court of Session, the",auto,"shared_keywords=['before', 'conducted', 'session', 'trial']; title_jaccard=0.57"
bnss_to_crpc,249,"When the accused appears or is brought before the Court, in pursuance of a",251,Substance of accusation to be stated .—When in a summ ons-case the accused appears or is brought,auto,"shared_keywords=['accused', 'appears', 'brought']; title_jaccard=0.30"
crpc_to_bnss,249,"When the accused appears or is brought before the Court, in pursuance of a",251,Substance of accusation to be stated .—When in a summ ons-case the accused appears or is brought,auto,"shared_keywords=['accused', 'appears', 'brought']; title_jaccard=0.30"
bnss_to_crpc,251,"If, after such consideration and hearing as aforesaid, the Judge is of opinion",228,"Framing of charge. —(1) If, after such consideration and hearing as aforesaid, the Judge is of",auto,"shared_keywords=['aforesaid', 'after', 'consideration', 'hearing', 'judge']; title_jaccard=0.62"
crpc_to_bnss,251,"If, after such consideration and hearing as aforesaid, the Judge is of opinion",228,"Framing of charge. —(1) If, after such consideration and hearing as aforesaid, the Judge is of",auto,"shared_keywords=['aforesaid', 'after', 'consideration', 'hearing', 'judge']; title_jaccard=0.62"
bnss_to_crpc,252,"If the accused pleads guilty, the Judge shall record the plea and may, in his",229,"Conviction on plea of guilty.—If the accused pleads guilty, the Judge shall record the plea and may, in his",auto,"shared_keywords=['accused', 'guilty', 'judge', 'plea', 'pleads', 'record']; title_jaccard=0.86"
crpc_to_bnss,252,"If the accused pleads guilty, the Judge shall record the plea and may, in his",229,"Conviction on plea of guilty.—If the accused pleads guilty, the Judge shall record the plea and may, in his",auto,"shared_keywords=['accused', 'guilty', 'judge', 'plea', 'pleads', 'record']; title_jaccard=0.86"
bnss_to_crpc,253,"If the accused refuses to plead, or does not plead, or claims to be tried or is not",242,"Evidence for prosecution .—(1) If the accused refuses to plead or does not plead, or claims to be tried or",auto,"shared_keywords=['accused', 'claims', 'does', 'plead', 'refuses', 'tried']; title_jaccard=0.75"
crpc_to_bnss,253,"If the accused refuses to plead, or does not plead, or claims to be tried or is not",242,"Evidence for prosecution .—(1) If the accused refuses to plead or does not plead, or claims to be tried or",auto,"shared_keywords=['accused', 'claims', 'does', 'plead', 'refuses', 'tried']; title_jaccard=0.75"
bnss_to_crpc,254,"On the date so fixed, the Judge shall proceed to take all such evidence as may",231,"Evidence for prosecution. —(1) On the date so fixed, the Judge shall proceed to take all such eviden ce as",auto,"shared_keywords=['date', 'evidence', 'fixed', 'judge', 'proceed', 'take']; title_jaccard=0.75"
crpc_to_bnss,254,"On the date so fixed, the Judge shall proceed to take all such evidence as may",231,"Evidence for prosecution. —(1) On the date so fixed, the Judge shall proceed to take all such eviden ce as",auto,"shared_keywords=['date', 'evidence', 'fixed', 'judge', 'proceed', 'take']; title_jaccard=0.75"
bnss_to_crpc,255,"If, after taking the evidence for the prosecution, examining the accused and",232,"Acquittal. —If, after taking the evidence for the prosecution, examining the accused and hearing the",auto,"shared_keywords=['accused', 'after', 'evidence', 'examining', 'prosecution', 'taking']; title_jaccard=0.75"
crpc_to_bnss,255,"If, after taking the evidence for the prosecution, examining the accused and",232,"Acquittal. —If, after taking the evidence for the prosecution, examining the accused and hearing the",auto,"shared_keywords=['accused', 'after', 'evidence', 'examining', 'prosecution', 'taking']; title_jaccard=0.75"
bnss_to_crpc,256,"Where the accused is not acquitted under section 255, he shall be called",233,"Entering upon defence. —(1) Where the accused is not acquitted under section 232, he shall be called",auto,"shared_keywords=['accused', 'acquitted', 'called']; title_jaccard=0.60"
crpc_to_bnss,256,"Where the accused is not acquitted under section 255, he shall be called",233,"Entering upon defence. —(1) Where the accused is not acquitted under section 232, he shall be called",auto,"shared_keywords=['accused', 'acquitted', 'called']; title_jaccard=0.60"
bnss_to_crpc,257,"When the examination of the witnesses (if any) for the defence is complete, the",234,"Arguments.—When the examination of the witnesses (if any) for the defence is compl ete, the prosecutor",auto,"shared_keywords=['defence', 'examination', 'witnesses']; title_jaccard=0.43"
crpc_to_bnss,257,"When the examination of the witnesses (if any) for the defence is complete, the",234,"Arguments.—When the examination of the witnesses (if any) for the defence is compl ete, the prosecutor",auto,"shared_keywords=['defence', 'examination', 'witnesses']; title_jaccard=0.43"
bnss_to_crpc,258,"After hearing arguments and points of law (if any), the Judge shall give a",235,"Judgment of acquittal or conviction .—(1) After hearing arguments and points of law (if any), the Judge",auto,"shared_keywords=['after', 'arguments', 'hearing', 'judge', 'points']; title_jaccard=0.56"
crpc_to_bnss,258,"After hearing arguments and points of law (if any), the Judge shall give a",235,"Judgment of acquittal or conviction .—(1) After hearing arguments and points of law (if any), the Judge",auto,"shared_keywords=['after', 'arguments', 'hearing', 'judge', 'points']; title_jaccard=0.56"
bnss_to_crpc,259,In a case where a previous conviction is charged under the provisions of,236,Previous conviction. —In a case where a previous conviction is charged under the provisions of,auto,"shared_keywords=['case', 'charged', 'conviction', 'previous', 'provisions']; title_jaccard=1.00"
crpc_to_bnss,259,In a case where a previous conviction is charged under the provisions of,236,Previous conviction. —In a case where a previous conviction is charged under the provisions of,auto,"shared_keywords=['case', 'charged', 'conviction', 'previous', 'provisions']; title_jaccard=1.00"
bnss_to_crpc,260,A Court of Session taking cognizance of an offence under sub-section (1) of,237,Procedure in cases instituted under section 199( 2).—(1) A Court of Session taking cognizance of an,auto,"shared_keywords=['cognizance', 'session', 'taking']; title_jaccard=0.50"
crpc_to_bnss,260,A Court of Session taking cognizance of an offence under sub-section (1) of,237,Procedure in cases instituted under section 199( 2).—(1) A Court of Session taking cognizance of an,auto,"shared_keywords=['cognizance', 'session', 'taking']; title_jaccard=0.50"
bnss_to_crpc,263,"If, upon such consideration, examination, if any, and hearing, the Magistrate",240,"Framing of charge .—(1) If, upon such consideration, examination, if any, and hearing, the Magistrate is",auto,"shared_keywords=['consideration', 'examination', 'hearing', 'magistrate']; title_jaccard=0.67"
crpc_to_bnss,263,"If, upon such consideration, examination, if any, and hearing, the Magistrate",240,"Framing of charge .—(1) If, upon such consideration, examination, if any, and hearing, the Magistrate is",auto,"shared_keywords=['consideration', 'examination', 'hearing', 'magistrate']; title_jaccard=0.67"
bnss_to_crpc,264,"If the accused pleads guilty, the Magistrate shall record the plea and may, in his",241,"Conviction on plea of guilty .—If the accused pleads guilty, the Magistrate shall record the plea and may,",auto,"shared_keywords=['accused', 'guilty', 'magistrate', 'plea', 'pleads', 'record']; title_jaccard=0.86"
crpc_to_bnss,264,"If the accused pleads guilty, the Magistrate shall record the plea and may, in his",241,"Conviction on plea of guilty .—If the accused pleads guilty, the Magistrate shall record the plea and may,",auto,"shared_keywords=['accused', 'guilty', 'magistrate', 'plea', 'pleads', 'record']; title_jaccard=0.86"
bnss_to_crpc,265,"If the accused refuses to plead or does not plead, or claims to be tried or the",230,"Date for prosecution evidence.—If the accused refuses to plead, or does not plead, or claims to be tried or",auto,"shared_keywords=['accused', 'claims', 'does', 'plead', 'refuses', 'tried']; title_jaccard=0.67"
crpc_to_bnss,265,"If the accused refuses to plead or does not plead, or claims to be tried or the",230,"Date for prosecution evidence.—If the accused refuses to plead, or does not plead, or claims to be tried or",auto,"shared_keywords=['accused', 'claims', 'does', 'plead', 'refuses', 'tried']; title_jaccard=0.67"
bnss_to_crpc,266,The accused shall then be called upon to enter upon his defence and produce,243,Evidence for defence .—(1) The accused shall then be called upon to enter upon his defence and produce,auto,"shared_keywords=['accused', 'called', 'defence', 'enter', 'produce', 'then']; title_jaccard=0.86"
crpc_to_bnss,266,The accused shall then be called upon to enter upon his defence and produce,243,Evidence for defence .—(1) The accused shall then be called upon to enter upon his defence and produce,auto,"shared_keywords=['accused', 'called', 'defence', 'enter', 'produce', 'then']; title_jaccard=0.86"
bnss_to_crpc,267,"When, in any warrant-case instituted otherwise than on a police report, the",244,"Evidence for prosecution .—(1) When, in any warrant -case instituted otherwise than on a police report,",auto,"shared_keywords=['case', 'instituted', 'otherwise', 'police', 'report', 'than', 'warrant']; title_jaccard=0.78"
crpc_to_bnss,267,"When, in any warrant-case instituted otherwise than on a police report, the",244,"Evidence for prosecution .—(1) When, in any warrant -case instituted otherwise than on a police report,",auto,"shared_keywords=['case', 'instituted', 'otherwise', 'police', 'report', 'than', 'warrant']; title_jaccard=0.78"
bnss_to_crpc,268,"If, upon taking all the evidence referred to in section 267, the Magistrate",255,"Acquittal or conviction .—(1) If the Magistrate, upon taking the evidence referred to in section 254 and",auto,"shared_keywords=['evidence', 'magistrate', 'referred', 'taking']; title_jaccard=0.67"
crpc_to_bnss,268,"If, upon taking all the evidence referred to in section 267, the Magistrate",255,"Acquittal or conviction .—(1) If the Magistrate, upon taking the evidence referred to in section 254 and",auto,"shared_keywords=['evidence', 'magistrate', 'referred', 'taking']; title_jaccard=0.67"
bnss_to_crpc,270,The accused shall then be called upon to enter upon his defence and produce,247,Evidence for defence .—The accused shall then be called upon to enter upon his defence and produce his,auto,"shared_keywords=['accused', 'called', 'defence', 'enter', 'produce', 'then']; title_jaccard=0.86"
crpc_to_bnss,270,The accused shall then be called upon to enter upon his defence and produce,247,Evidence for defence .—The accused shall then be called upon to enter upon his defence and produce his,auto,"shared_keywords=['accused', 'called', 'defence', 'enter', 'produce', 'then']; title_jaccard=0.86"
bnss_to_crpc,271,"If, in any case under this Chapter in which a charge has been framed, the",248,"Acquittal or conviction .—(1) If, in any case under this Chapter in which a charge has been framed, the",auto,"shared_keywords=['case', 'chapter', 'charge', 'framed']; title_jaccard=0.67"
crpc_to_bnss,271,"If, in any case under this Chapter in which a charge has been framed, the",248,"Acquittal or conviction .—(1) If, in any case under this Chapter in which a charge has been framed, the",auto,"shared_keywords=['case', 'chapter', 'charge', 'framed']; title_jaccard=0.67"
bnss_to_crpc,272,"When the proceedings have been instituted upon complaint, and on any day",249,"Absence of complainant .—When the proceedings have been instituted upon complaint, and on any day",auto,"shared_keywords=['complaint', 'instituted', 'proceedings']; title_jaccard=0.60"
crpc_to_bnss,272,"When the proceedings have been instituted upon complaint, and on any day",249,"Absence of complainant .—When the proceedings have been instituted upon complaint, and on any day",auto,"shared_keywords=['complaint', 'instituted', 'proceedings']; title_jaccard=0.60"
bnss_to_crpc,273,"If, in any case instituted upon complaint or upon information given to a",250,"Compensation for accusation withou t reasonable cause .—(1) If, in any case instituted upon complaint",auto,"shared_keywords=['case', 'complaint', 'instituted']; title_jaccard=0.30"
crpc_to_bnss,273,"If, in any case instituted upon complaint or upon information given to a",250,"Compensation for accusation withou t reasonable cause .—(1) If, in any case instituted upon complaint",auto,"shared_keywords=['case', 'complaint', 'instituted']; title_jaccard=0.30"
bnss_to_crpc,274,When in a summons-case the accused appears or is brought before the,226,Opening case for prosecution. —When the accused appears or is brought before the Court i n,auto,"shared_keywords=['accused', 'appears', 'before', 'brought', 'case']; title_jaccard=0.62"
crpc_to_bnss,274,When in a summons-case the accused appears or is brought before the,226,Opening case for prosecution. —When the accused appears or is brought before the Court i n,auto,"shared_keywords=['accused', 'appears', 'before', 'brought', 'case']; title_jaccard=0.62"
bnss_to_crpc,275,"If the accused pleads guilty, the Magistrate shall record the plea as nearly as",252,"Conviction on plea of guilty .—If the accused pleads guilty, the Magistrate shall record the plea as nearly",auto,"shared_keywords=['accused', 'guilty', 'magistrate', 'nearly', 'plea', 'pleads', 'record']; title_jaccard=0.88"
crpc_to_bnss,275,"If the accused pleads guilty, the Magistrate shall record the plea as nearly as",252,"Conviction on plea of guilty .—If the accused pleads guilty, the Magistrate shall record the plea as nearly",auto,"shared_keywords=['accused', 'guilty', 'magistrate', 'nearly', 'plea', 'pleads', 'record']; title_jaccard=0.88"
bnss_to_crpc,277,If the Magistrate does not convict the accused under section 275 or,254,Procedure when not convicted .—(1) If the Magistrate does not convict the accused under section 252 or,auto,"shared_keywords=['accused', 'convict', 'does', 'magistrate']; title_jaccard=0.80"
crpc_to_bnss,277,If the Magistrate does not convict the accused under section 275 or,254,Procedure when not convicted .—(1) If the Magistrate does not convict the accused under section 252 or,auto,"shared_keywords=['accused', 'convict', 'does', 'magistrate']; title_jaccard=0.80"
bnss_to_crpc,278,"If the Magistrate, upon taking the evidence referred to in section 277 and",245,"When accused shall be discharged .—(1) If, upon taking all the evidence referred to in section 244, the",auto,"shared_keywords=['evidence', 'referred', 'taking']; title_jaccard=0.50"
crpc_to_bnss,278,"If the Magistrate, upon taking the evidence referred to in section 277 and",245,"When accused shall be discharged .—(1) If, upon taking all the evidence referred to in section 244, the",auto,"shared_keywords=['evidence', 'referred', 'taking']; title_jaccard=0.50"
bnss_to_crpc,280,"If a complainant, at any time before a final order is passed in any case under this",257,"Withdrawal of complaint .—If a complainant, at any time before a final order is passed in any case under",auto,"shared_keywords=['before', 'case', 'complainant', 'final', 'passed', 'time']; title_jaccard=0.75"
crpc_to_bnss,280,"If a complainant, at any time before a final order is passed in any case under this",257,"Withdrawal of complaint .—If a complainant, at any time before a final order is passed in any case under",auto,"shared_keywords=['before', 'case', 'complainant', 'final', 'passed', 'time']; title_jaccard=0.75"
bnss_to_crpc,281,"In any summons-case instituted otherwise than upon complaint, a Magistrate of",258,Power to stop proceedings in certain cases .—In any summons -case instituted otherwise than upon,auto,"shared_keywords=['case', 'instituted', 'otherwise', 'summons', 'than']; title_jaccard=0.45"
crpc_to_bnss,281,"In any summons-case instituted otherwise than upon complaint, a Magistrate of",258,Power to stop proceedings in certain cases .—In any summons -case instituted otherwise than upon,auto,"shared_keywords=['case', 'instituted', 'otherwise', 'summons', 'than']; title_jaccard=0.45"
bnss_to_crpc,282,When in the course of the trial of a summons-case relating to an offence punishable,259,Power of Court to convert summons-cases into warrant -cases.—When in the course of the trial of a,auto,"shared_keywords=['course', 'summons', 'trial']; title_jaccard=0.30"
crpc_to_bnss,282,When in the course of the trial of a summons-case relating to an offence punishable,259,Power of Court to convert summons-cases into warrant -cases.—When in the course of the trial of a,auto,"shared_keywords=['course', 'summons', 'trial']; title_jaccard=0.30"
bnss_to_crpc,283,Notwithstanding anything contained in this Sanhita,260,Power to try summarily.—(1) Notwithstanding anything contained in this Code,auto,"shared_keywords=['anything', 'contained', 'notwithstanding']; title_jaccard=0.60"
crpc_to_bnss,283,Notwithstanding anything contained in this Sanhita,260,Power to try summarily.—(1) Notwithstanding anything contained in this Code,auto,"shared_keywords=['anything', 'contained', 'notwithstanding']; title_jaccard=0.60"
bnss_to_crpc,284,The High Court may confer on any Magistrate invested with the powers of a,261,Summary trial by Magistrate of the second class .—The High Court may confer on any Magistrate,auto,"shared_keywords=['confer', 'high', 'magistrate']; title_jaccard=0.38"
crpc_to_bnss,284,The High Court may confer on any Magistrate invested with the powers of a,261,Summary trial by Magistrate of the second class .—The High Court may confer on any Magistrate,auto,"shared_keywords=['confer', 'high', 'magistrate']; title_jaccard=0.38"
bnss_to_crpc,285,"In trials under this Chapter, the procedure specified in this Sanhita for the trial",262,"Procedure for summa ry trials.—(1) In trials under this Chapter, the procedure specified in this Code for",auto,"shared_keywords=['chapter', 'specified', 'trials']; title_jaccard=0.50"
crpc_to_bnss,285,"In trials under this Chapter, the procedure specified in this Sanhita for the trial",262,"Procedure for summa ry trials.—(1) In trials under this Chapter, the procedure specified in this Code for",auto,"shared_keywords=['chapter', 'specified', 'trials']; title_jaccard=0.50"
bnss_to_crpc,286,"In every case tried summarily, the Magistrate shall enter, in such form as the",263,"Record in summary trials.—In every case tried summarily, the Magistrate shall enter, in such form as the",auto,"shared_keywords=['case', 'enter', 'form', 'magistrate', 'summarily', 'tried']; title_jaccard=0.67"
crpc_to_bnss,286,"In every case tried summarily, the Magistrate shall enter, in such form as the",263,"Record in summary trials.—In every case tried summarily, the Magistrate shall enter, in such form as the",auto,"shared_keywords=['case', 'enter', 'form', 'magistrate', 'summarily', 'tried']; title_jaccard=0.67"
bnss_to_crpc,287,"In every case tried summarily in which the accused does not plead guilty, the",264,Judgment in cases tried summarily .—In every case tried summarily in which the accused does not plead,auto,"shared_keywords=['accused', 'case', 'does', 'plead', 'summarily', 'tried']; title_jaccard=0.67"
crpc_to_bnss,287,"In every case tried summarily in which the accused does not plead guilty, the",264,Judgment in cases tried summarily .—In every case tried summarily in which the accused does not plead,auto,"shared_keywords=['accused', 'case', 'does', 'plead', 'summarily', 'tried']; title_jaccard=0.67"
bnss_to_crpc,288,Every such record and judgment shall be written in the language of the Court,265,Language of record and judgment .—(1) Every such record and judgment shall be written in the,auto,"shared_keywords=['judgment', 'language', 'record', 'written']; title_jaccard=1.00"
crpc_to_bnss,288,Every such record and judgment shall be written in the language of the Court,265,Language of record and judgment .—(1) Every such record and judgment shall be written in the,auto,"shared_keywords=['judgment', 'language', 'record', 'written']; title_jaccard=1.00"
bnss_to_crpc,289,This Chapter shall apply in respect of an accused against whom,265a,Application of the Chapter.—(1) This Chapter shall apply in respect of an accused against whom,auto,"shared_keywords=['accused', 'against', 'apply', 'chapter', 'respect']; title_jaccard=0.83"
crpc_to_bnss,289,This Chapter shall apply in respect of an accused against whom,265a,Application of the Chapter.—(1) This Chapter shall apply in respect of an accused against whom,auto,"shared_keywords=['accused', 'against', 'apply', 'chapter', 'respect']; title_jaccard=0.83"
bnss_to_crpc,290,A person accused of an offence may file an application for plea bargaining,265b,Application for plea bargaining .—(1) A person accused of an offence may file an application for plea,auto,"shared_keywords=['accused', 'application', 'bargaining', 'file', 'offence', 'plea']; title_jaccard=1.00"
crpc_to_bnss,290,A person accused of an offence may file an application for plea bargaining,265b,Application for plea bargaining .—(1) A person accused of an offence may file an application for plea,auto,"shared_keywords=['accused', 'application', 'bargaining', 'file', 'offence', 'plea']; title_jaccard=1.00"
bnss_to_crpc,291,In working out a mutually satisfactory disposition under clause ( a) of,265c,Guidelines for mutual ly satisfactory disposition .—In working out a mutually satisfactory disposition,auto,"shared_keywords=['disposition', 'mutually', 'satisfactory', 'working']; title_jaccard=0.57"
crpc_to_bnss,291,In working out a mutually satisfactory disposition under clause ( a) of,265c,Guidelines for mutual ly satisfactory disposition .—In working out a mutually satisfactory disposition,auto,"shared_keywords=['disposition', 'mutually', 'satisfactory', 'working']; title_jaccard=0.57"
bnss_to_crpc,293,Where a satisfactory disposition of the case has been worked out under,265e,Disposal of the case .—Where a satisfactory disposition of the case has been worked out under,auto,"shared_keywords=['case', 'disposition', 'satisfactory', 'worked']; title_jaccard=0.80"
crpc_to_bnss,293,Where a satisfactory disposition of the case has been worked out under,265e,Disposal of the case .—Where a satisfactory disposition of the case has been worked out under,auto,"shared_keywords=['case', 'disposition', 'satisfactory', 'worked']; title_jaccard=0.80"
bnss_to_crpc,294,The Court shall deliver its judgment in terms of section 293 in the open Court and,265f,Judgment of the Court .—The Court shall deliver its judgment in terms of section 265E in the open,auto,"shared_keywords=['deliver', 'judgment', 'open', 'terms']; title_jaccard=1.00"
crpc_to_bnss,294,The Court shall deliver its judgment in terms of section 293 in the open Court and,265f,Judgment of the Court .—The Court shall deliver its judgment in terms of section 265E in the open,auto,"shared_keywords=['deliver', 'judgment', 'open', 'terms']; title_jaccard=1.00"
bnss_to_crpc,295,The judgment delivered by the Court under this section shall be final and no,265g,Finality of the judgment .—The judgment delivered by the Court under section 265G shall be final and,auto,"shared_keywords=['delivered', 'final', 'judgment']; title_jaccard=0.75"
crpc_to_bnss,295,The judgment delivered by the Court under this section shall be final and no,265g,Finality of the judgment .—The judgment delivered by the Court under section 265G shall be final and,auto,"shared_keywords=['delivered', 'final', 'judgment']; title_jaccard=0.75"
bnss_to_crpc,296,"A Court shall have, for the purposes of discharging its functions under this",265h,"Power of the Court in plea bargaining .—A Court shall have, for the purposes of discharging its",auto,"shared_keywords=['discharging', 'purposes']; title_jaccard=0.40"
crpc_to_bnss,296,"A Court shall have, for the purposes of discharging its functions under this",265h,"Power of the Court in plea bargaining .—A Court shall have, for the purposes of discharging its",auto,"shared_keywords=['discharging', 'purposes']; title_jaccard=0.40"
bnss_to_crpc,298,The provisions of this Chapter shall have effect notwithstanding anything,265j,Savings .—The provisions of this Chapter shall have effect notwithstanding anything incons istent,auto,"shared_keywords=['anything', 'chapter', 'effect', 'notwithstanding', 'provisions']; title_jaccard=0.62"
crpc_to_bnss,298,The provisions of this Chapter shall have effect notwithstanding anything,265j,Savings .—The provisions of this Chapter shall have effect notwithstanding anything incons istent,auto,"shared_keywords=['anything', 'chapter', 'effect', 'notwithstanding', 'provisions']; title_jaccard=0.62"
bnss_to_crpc,299,"Notwithstanding anything contained in any law for the time being in force, the",265k,Statements of accused not to be used .—Notwithstanding anything contained in any law for the time,auto,"shared_keywords=['anything', 'contained', 'notwithstanding', 'time']; title_jaccard=0.50"
crpc_to_bnss,299,"Notwithstanding anything contained in any law for the time being in force, the",265k,Statements of accused not to be used .—Notwithstanding anything contained in any law for the time,auto,"shared_keywords=['anything', 'contained', 'notwithstanding', 'time']; title_jaccard=0.50"
bnss_to_crpc,300,Nothing in this Chapter shall apply to any juvenile or child as defined in section 2,265l,Non -application of the Chapter .—Nothing in thi s Chapter shall apply to any juvenile or child as,auto,"shared_keywords=['apply', 'chapter', 'child', 'juvenile', 'nothing']; title_jaccard=0.71"
crpc_to_bnss,300,Nothing in this Chapter shall apply to any juvenile or child as defined in section 2,265l,Non -application of the Chapter .—Nothing in thi s Chapter shall apply to any juvenile or child as,auto,"shared_keywords=['apply', 'chapter', 'child', 'juvenile', 'nothing']; title_jaccard=0.71"
bnss_to_crpc,301,"In this Chapter,",266,"Definitions.—In this Chapter,",auto,shared_keywords=['chapter']; title_jaccard=0.50
crpc_to_bnss,301,"In this Chapter,",266,"Definitions.—In this Chapter,",auto,shared_keywords=['chapter']; title_jaccard=0.50
bnss_to_crpc,303,"The State Government or the Central Government, as the case may be, may, at",434,Concurrent power of Central Government in case of death sentences. —The powers conferred by,auto,"shared_keywords=['case', 'central', 'government']; title_jaccard=0.38"
crpc_to_bnss,303,"The State Government or the Central Government, as the case may be, may, at",434,Concurrent power of Central Government in case of death sentences. —The powers conferred by,auto,"shared_keywords=['case', 'central', 'government']; title_jaccard=0.38"
bnss_to_crpc,305,"Subject to the provisions of section 304, the officer in charge of the prison shall,",270,"Prisoner to be brought to Court in custody. —Subject to the provisions of section 269, the officer in",auto,"shared_keywords=['officer', 'provisions', 'subject']; title_jaccard=0.38"
crpc_to_bnss,305,"Subject to the provisions of section 304, the officer in charge of the prison shall,",270,"Prisoner to be brought to Court in custody. —Subject to the provisions of section 269, the officer in",auto,"shared_keywords=['officer', 'provisions', 'subject']; title_jaccard=0.38"
bnss_to_crpc,309,"In all summons-cases tried before a Magistrate, in all inquiries under sections",274,"Record in summons-cases and inquiries. —(1) In all summons -cases tried before a Magistrate, in all",auto,"shared_keywords=['before', 'cases', 'inquiries', 'magistrate', 'summons', 'tried']; title_jaccard=0.75"
crpc_to_bnss,309,"In all summons-cases tried before a Magistrate, in all inquiries under sections",274,"Record in summons-cases and inquiries. —(1) In all summons -cases tried before a Magistrate, in all",auto,"shared_keywords=['before', 'cases', 'inquiries', 'magistrate', 'summons', 'tried']; title_jaccard=0.75"
bnss_to_crpc,310,"In all warrant-cases tried before a Magistrate, the evidence of each witness",275,"Record in warrant -cases.—(1) In all warrant-cases tried before a Magistrate, the evidence of each witness",auto,"shared_keywords=['before', 'cases', 'each', 'evidence', 'magistrate', 'tried', 'warrant', 'witness']; title_jaccard=0.89"
crpc_to_bnss,310,"In all warrant-cases tried before a Magistrate, the evidence of each witness",275,"Record in warrant -cases.—(1) In all warrant-cases tried before a Magistrate, the evidence of each witness",auto,"shared_keywords=['before', 'cases', 'each', 'evidence', 'magistrate', 'tried', 'warrant', 'witness']; title_jaccard=0.89"
bnss_to_crpc,311,"In all trials before a Court of Session, the evidence of each witness shall, as",276,"Record in trial before Court of Session. —(1) In all trials before a Court of Session, the evidence of each",auto,"shared_keywords=['before', 'each', 'evidence', 'session', 'trials']; title_jaccard=0.62"
crpc_to_bnss,311,"In all trials before a Court of Session, the evidence of each witness shall, as",276,"Record in trial before Court of Session. —(1) In all trials before a Court of Session, the evidence of each",auto,"shared_keywords=['before', 'each', 'evidence', 'session', 'trials']; title_jaccard=0.62"
bnss_to_crpc,312,"In every case where evidence is taken down under sections 310 or 311,",277,Language o f record of evidence. —In every case where evide nce is taken down under section 275 or,auto,"shared_keywords=['case', 'down', 'evidence', 'taken']; title_jaccard=0.50"
crpc_to_bnss,312,"In every case where evidence is taken down under sections 310 or 311,",277,Language o f record of evidence. —In every case where evide nce is taken down under section 275 or,auto,"shared_keywords=['case', 'down', 'evidence', 'taken']; title_jaccard=0.50"
bnss_to_crpc,313,As the evidence of each witness taken under section 310 or section 311 is,278,Procedure in regard to such evidence when completed. —(1) As the evidence of each witness taken,auto,"shared_keywords=['each', 'evidence', 'taken', 'witness']; title_jaccard=0.67"
crpc_to_bnss,313,As the evidence of each witness taken under section 310 or section 311 is,278,Procedure in regard to such evidence when completed. —(1) As the evidence of each witness taken,auto,"shared_keywords=['each', 'evidence', 'taken', 'witness']; title_jaccard=0.67"
bnss_to_crpc,314,"Whenever any evidence is given in a language not understood by the accused,",279,Interpretation of evidence to accused or his pleader. —(1) Whenever any evidence is given in a language,auto,"shared_keywords=['accused', 'evidence', 'given', 'language', 'whenever']; title_jaccard=0.62"
crpc_to_bnss,314,"Whenever any evidence is given in a language not understood by the accused,",279,Interpretation of evidence to accused or his pleader. —(1) Whenever any evidence is given in a language,auto,"shared_keywords=['accused', 'evidence', 'given', 'language', 'whenever']; title_jaccard=0.62"
bnss_to_crpc,315,"When a presiding Judge or Magistrate has recorded the evidence of a witness,",280,Remarks respecting demeanour of witness. —When a presiding Judge or Magistrate has recorded the,auto,"shared_keywords=['judge', 'magistrate', 'presiding', 'recorded', 'witness']; title_jaccard=0.56"
crpc_to_bnss,315,"When a presiding Judge or Magistrate has recorded the evidence of a witness,",280,Remarks respecting demeanour of witness. —When a presiding Judge or Magistrate has recorded the,auto,"shared_keywords=['judge', 'magistrate', 'presiding', 'recorded', 'witness']; title_jaccard=0.56"
bnss_to_crpc,317,When the services of an interpreter are required by any Criminal Court for the,282,Interpreter to be bound to interpret truthfully. —When the services of an interpreter are required,auto,"shared_keywords=['interpreter', 'required', 'services']; title_jaccard=0.43"
crpc_to_bnss,317,When the services of an interpreter are required by any Criminal Court for the,282,Interpreter to be bound to interpret truthfully. —When the services of an interpreter are required,auto,"shared_keywords=['interpreter', 'required', 'services']; title_jaccard=0.43"
bnss_to_crpc,318,"Every High Court may, by general rule, prescribe the manner in which the evidence",283,"Record in High Court.—Every High Court may, by general rule, prescribe the manner in which the",auto,"shared_keywords=['general', 'high', 'manner', 'prescribe', 'rule']; title_jaccard=0.71"
crpc_to_bnss,318,"Every High Court may, by general rule, prescribe the manner in which the evidence",283,"Record in High Court.—Every High Court may, by general rule, prescribe the manner in which the",auto,"shared_keywords=['general', 'high', 'manner', 'prescribe', 'rule']; title_jaccard=0.71"
bnss_to_crpc,319,"Whenever, in the course of any inquiry, trial or other proceeding under this",267,"Power to require attendance of prisoners. —(1) Whenever, in the course of an inquiry, trial or",auto,"shared_keywords=['course', 'inquiry', 'trial', 'whenever']; title_jaccard=0.50"
crpc_to_bnss,319,"Whenever, in the course of any inquiry, trial or other proceeding under this",267,"Power to require attendance of prisoners. —(1) Whenever, in the course of an inquiry, trial or",auto,"shared_keywords=['course', 'inquiry', 'trial', 'whenever']; title_jaccard=0.50"
bnss_to_crpc,320,"If the witness is within the territories to which this Sanhita extends, the",285,Commission to whom to be issued. —(1) If the witness is within the territories to which this Code,auto,"shared_keywords=['territories', 'within', 'witness']; title_jaccard=0.43"
crpc_to_bnss,320,"If the witness is within the territories to which this Sanhita extends, the",285,Commission to whom to be issued. —(1) If the witness is within the territories to which this Code,auto,"shared_keywords=['territories', 'within', 'witness']; title_jaccard=0.43"
bnss_to_crpc,321,"Upon receipt of the commission, the Chief Judicial Magistrate or Judicial Magistrate",286,"Execution of commi ssions.—Upon receipt of the commission, the Chief Metropolitan Magistrate, or",auto,"shared_keywords=['chief', 'commission', 'magistrate', 'receipt']; title_jaccard=0.44"
crpc_to_bnss,321,"Upon receipt of the commission, the Chief Judicial Magistrate or Judicial Magistrate",286,"Execution of commi ssions.—Upon receipt of the commission, the Chief Metropolitan Magistrate, or",auto,"shared_keywords=['chief', 'commission', 'magistrate', 'receipt']; title_jaccard=0.44"
bnss_to_crpc,323,"After any commission issued under section 310 has been duly executed, it",288,"Return of commission. —(1) After any commission issued under section 284 has been duly executed, it",auto,"shared_keywords=['after', 'commission', 'duly', 'executed', 'issued']; title_jaccard=0.83"
crpc_to_bnss,323,"After any commission issued under section 310 has been duly executed, it",288,"Return of commission. —(1) After any commission issued under section 284 has been duly executed, it",auto,"shared_keywords=['after', 'commission', 'duly', 'executed', 'issued']; title_jaccard=0.83"
bnss_to_crpc,324,"In every case in which a commission is issued under section 319, the inquiry, trial",289,"Adjournment of proceeding. —In every case in which a commission is issued under section 284, the",auto,"shared_keywords=['case', 'commission', 'issued']; title_jaccard=0.43"
crpc_to_bnss,324,"In every case in which a commission is issued under section 319, the inquiry, trial",289,"Adjournment of proceeding. —In every case in which a commission is issued under section 284, the",auto,"shared_keywords=['case', 'commission', 'issued']; title_jaccard=0.43"
bnss_to_crpc,325,The provisions of section 321 and so much of section 322 and section 323 as,290,Execution of foreign commissions.—(1) The provisions of section 286 and so much of section 287 and,auto,"shared_keywords=['much', 'provisions']; title_jaccard=0.40"
crpc_to_bnss,325,The provisions of section 321 and so much of section 322 and section 323 as,290,Execution of foreign commissions.—(1) The provisions of section 286 and so much of section 287 and,auto,"shared_keywords=['much', 'provisions']; title_jaccard=0.40"
bnss_to_crpc,326,"The deposition of civil surgeon or other medical witness, taken and attested",291,"Deposition of medical witness. —(1) The deposition of civil surgeon or other medical witness, taken and",auto,"shared_keywords=['civil', 'deposition', 'medical', 'surgeon', 'taken', 'witness']; title_jaccard=0.86"
crpc_to_bnss,326,"The deposition of civil surgeon or other medical witness, taken and attested",291,"Deposition of medical witness. —(1) The deposition of civil surgeon or other medical witness, taken and",auto,"shared_keywords=['civil', 'deposition', 'medical', 'surgeon', 'taken', 'witness']; title_jaccard=0.86"
bnss_to_crpc,327,Any document purporting to be a report of identification under the hand of,292,Evidence of officers of the Mint. —(1) Any document purporting to be a report under the hand of any,auto,"shared_keywords=['document', 'hand', 'purporting', 'report']; title_jaccard=0.50"
crpc_to_bnss,327,Any document purporting to be a report of identification under the hand of,292,Evidence of officers of the Mint. —(1) Any document purporting to be a report under the hand of any,auto,"shared_keywords=['document', 'hand', 'purporting', 'report']; title_jaccard=0.50"
bnss_to_crpc,329,Any document purporting to be a report under the hand of a Government,293,Reports of certain Government scientific experts. —(1) Any document purporting to be a report under,auto,"shared_keywords=['document', 'government', 'purporting', 'report']; title_jaccard=0.44"
crpc_to_bnss,329,Any document purporting to be a report under the hand of a Government,293,Reports of certain Government scientific experts. —(1) Any document purporting to be a report under,auto,"shared_keywords=['document', 'government', 'purporting', 'report']; title_jaccard=0.44"
bnss_to_crpc,330,Where any document is filed before any Court by the prosecution or the,294,No formal proof of certain documents. —(1) Where any document is filed before any Court by th e,auto,"shared_keywords=['before', 'document', 'filed']; title_jaccard=0.38"
crpc_to_bnss,330,Where any document is filed before any Court by the prosecution or the,294,No formal proof of certain documents. —(1) Where any document is filed before any Court by th e,auto,"shared_keywords=['before', 'document', 'filed']; title_jaccard=0.38"
bnss_to_crpc,332,The evidence of any person whose evidence is of a formal character may be,296,Evidence of formal character on affidavit. —(1) The evidence of any person whose evidence is of a,auto,"shared_keywords=['character', 'evidence', 'formal']; title_jaccard=0.75"
crpc_to_bnss,332,The evidence of any person whose evidence is of a formal character may be,296,Evidence of formal character on affidavit. —(1) The evidence of any person whose evidence is of a,auto,"shared_keywords=['character', 'evidence', 'formal']; title_jaccard=0.75"
bnss_to_crpc,333,Affidavits to be used before any Court under this Sanhita may be sworn or,297,Authorities before whom affidavits may be sworn. —(1) Affidavits to be used before any Court under,auto,"shared_keywords=['affidavits', 'before', 'sworn', 'used']; title_jaccard=0.67"
crpc_to_bnss,333,Affidavits to be used before any Court under this Sanhita may be sworn or,297,Authorities before whom affidavits may be sworn. —(1) Affidavits to be used before any Court under,auto,"shared_keywords=['affidavits', 'before', 'sworn', 'used']; title_jaccard=0.67"
bnss_to_crpc,334,"In any inquiry, trial or other proceeding under this Sanhita, a previous conviction",298,"Previous conviction or acquittal how proved. —In any inquiry, trial or other proceeding under this Code,",auto,"shared_keywords=['conviction', 'inquiry', 'previous', 'proceeding', 'trial']; title_jaccard=0.62"
crpc_to_bnss,334,"In any inquiry, trial or other proceeding under this Sanhita, a previous conviction",298,"Previous conviction or acquittal how proved. —In any inquiry, trial or other proceeding under this Code,",auto,"shared_keywords=['conviction', 'inquiry', 'previous', 'proceeding', 'trial']; title_jaccard=0.62"
bnss_to_crpc,335,"If it is proved that an accused person has absconded, and that there is no",299,"Record of evidence in absence of accused. —(1) If it is proved that an accused person has absconded, and",auto,"shared_keywords=['absconded', 'accused', 'proved']; title_jaccard=0.43"
crpc_to_bnss,335,"If it is proved that an accused person has absconded, and that there is no",299,"Record of evidence in absence of accused. —(1) If it is proved that an accused person has absconded, and",auto,"shared_keywords=['absconded', 'accused', 'proved']; title_jaccard=0.43"
bnss_to_crpc,338,The Public Prosecutor or Assistant Public Prosecutor in charge of a case may,301,Appearance by Public Prosecutors .—(1) The Public Prosecutor or Assistant Public Prosecutor in charge,auto,"shared_keywords=['assistant', 'charge', 'prosecutor', 'public']; title_jaccard=0.57"
crpc_to_bnss,338,The Public Prosecutor or Assistant Public Prosecutor in charge of a case may,301,Appearance by Public Prosecutors .—(1) The Public Prosecutor or Assistant Public Prosecutor in charge,auto,"shared_keywords=['assistant', 'charge', 'prosecutor', 'public']; title_jaccard=0.57"
bnss_to_crpc,339,Any Magistrate inquiring into or trying a case may permit the prosecution to,302,Permission to conduct prosecution .—(1) Any Magistrate inquiring into or trying a case may permit the,auto,"shared_keywords=['case', 'inquiring', 'magistrate', 'permit', 'prosecution', 'trying']; title_jaccard=0.75"
crpc_to_bnss,339,Any Magistrate inquiring into or trying a case may permit the prosecution to,302,Permission to conduct prosecution .—(1) Any Magistrate inquiring into or trying a case may permit the,auto,"shared_keywords=['case', 'inquiring', 'magistrate', 'permit', 'prosecution', 'trying']; title_jaccard=0.75"
bnss_to_crpc,340,"Any person accused of an offence before a Criminal Court, or against whom",196,Prosecution for offences against the State and for criminal conspiracy to commit such offence. —(1),auto,"shared_keywords=['against', 'criminal', 'offence']; title_jaccard=0.30"
crpc_to_bnss,340,"Any person accused of an offence before a Criminal Court, or against whom",196,Prosecution for offences against the State and for criminal conspiracy to commit such offence. —(1),auto,"shared_keywords=['against', 'criminal', 'offence']; title_jaccard=0.30"
bnss_to_crpc,341,"Where, in a trial or appeal before a Court, the accused is not represented by",304,"Legal aid to accused at State expense in certain cases.—(1) Where, in a trial before the Court of Session,",auto,"shared_keywords=['accused', 'before', 'trial']; title_jaccard=0.27"
crpc_to_bnss,341,"Where, in a trial or appeal before a Court, the accused is not represented by",304,"Legal aid to accused at State expense in certain cases.—(1) Where, in a trial before the Court of Session,",auto,"shared_keywords=['accused', 'before', 'trial']; title_jaccard=0.27"
bnss_to_crpc,343,With a view to obtaining the evidence of any person supposed to have been,306,Tender of pardon to accomplice .—(1) With a view to obta ining the evidence of any person supposed to,auto,"shared_keywords=['evidence', 'supposed', 'view']; title_jaccard=0.33"
crpc_to_bnss,343,With a view to obtaining the evidence of any person supposed to have been,306,Tender of pardon to accomplice .—(1) With a view to obta ining the evidence of any person supposed to,auto,"shared_keywords=['evidence', 'supposed', 'view']; title_jaccard=0.33"
bnss_to_crpc,344,"At any time after commitment of a case but before judgment is passed, the Court",307,Power to direct tender of pardon .—At any time after commitment of a ca se but before judgment is,auto,"shared_keywords=['after', 'before', 'commitment', 'judgment', 'time']; title_jaccard=0.50"
crpc_to_bnss,344,"At any time after commitment of a case but before judgment is passed, the Court",307,Power to direct tender of pardon .—At any time after commitment of a ca se but before judgment is,auto,"shared_keywords=['after', 'before', 'commitment', 'judgment', 'time']; title_jaccard=0.50"
bnss_to_crpc,346,In every inquiry or trial the proceedings shall be continued from day-to-day,309,Power to postpone or adjourn proceedings .—1[(1) In every inquiry or trial the proceedings shall be,auto,"shared_keywords=['inquiry', 'proceedings', 'trial']; title_jaccard=0.50"
crpc_to_bnss,346,In every inquiry or trial the proceedings shall be continued from day-to-day,309,Power to postpone or adjourn proceedings .—1[(1) In every inquiry or trial the proceedings shall be,auto,"shared_keywords=['inquiry', 'proceedings', 'trial']; title_jaccard=0.50"
bnss_to_crpc,347,"Any Judge or Magistrate may, at any stage of any inquiry, trial or other",310,"Local inspection.—(1) Any Judge or Magistrate may, at any stage of any inquiry, trial or other proceeding,",auto,"shared_keywords=['inquiry', 'judge', 'magistrate', 'stage', 'trial']; title_jaccard=0.62"
crpc_to_bnss,347,"Any Judge or Magistrate may, at any stage of any inquiry, trial or other",310,"Local inspection.—(1) Any Judge or Magistrate may, at any stage of any inquiry, trial or other proceeding,",auto,"shared_keywords=['inquiry', 'judge', 'magistrate', 'stage', 'trial']; title_jaccard=0.62"
bnss_to_crpc,350,"Subject to any rules made by the State Government, any Criminal Court may, if it",312,"Expenses of complainants and witnesses. —Subject to any rules made by the State Government, any",auto,"shared_keywords=['government', 'made', 'rules', 'state', 'subject']; title_jaccard=0.56"
crpc_to_bnss,350,"Subject to any rules made by the State Government, any Criminal Court may, if it",312,"Expenses of complainants and witnesses. —Subject to any rules made by the State Government, any",auto,"shared_keywords=['government', 'made', 'rules', 'state', 'subject']; title_jaccard=0.56"
bnss_to_crpc,351,"In every inquiry or trial, for the purpose of enabling the accused personally",313,"Power to examine the accused. —(1) In every inquiry or trial, for the purpose of enabling the accused",auto,"shared_keywords=['accused', 'enabling', 'inquiry', 'purpose', 'trial']; title_jaccard=0.71"
crpc_to_bnss,351,"In every inquiry or trial, for the purpose of enabling the accused personally",313,"Power to examine the accused. —(1) In every inquiry or trial, for the purpose of enabling the accused",auto,"shared_keywords=['accused', 'enabling', 'inquiry', 'purpose', 'trial']; title_jaccard=0.71"
bnss_to_crpc,352,"Any party to a proceeding may, as soon as may be, after the close of his",314,"Oral arguments and memorandum of arguments.—(1) Any party to a proceeding may, as soon as may",auto,"shared_keywords=['party', 'proceeding', 'soon']; title_jaccard=0.38"
crpc_to_bnss,352,"Any party to a proceeding may, as soon as may be, after the close of his",314,"Oral arguments and memorandum of arguments.—(1) Any party to a proceeding may, as soon as may",auto,"shared_keywords=['party', 'proceeding', 'soon']; title_jaccard=0.38"
bnss_to_crpc,353,Any person accused of an offence before a Criminal Court shall be a competent,315,Accused person to be competent witness. —(1) Any person accused of an offence before a Criminal,auto,"shared_keywords=['accused', 'before', 'competent', 'criminal', 'offence']; title_jaccard=0.83"
crpc_to_bnss,353,Any person accused of an offence before a Criminal Court shall be a competent,315,Accused person to be competent witness. —(1) Any person accused of an offence before a Criminal,auto,"shared_keywords=['accused', 'before', 'competent', 'criminal', 'offence']; title_jaccard=0.83"
bnss_to_crpc,354,"Except as provided in sections 343 and 344, no influence, by means of any",316,"No influence to be used to induce disclosure.—Except as provided in sections 306 and 307, no influence,",auto,"shared_keywords=['except', 'influence', 'provided', 'sections']; title_jaccard=0.50"
crpc_to_bnss,354,"Except as provided in sections 343 and 344, no influence, by means of any",316,"No influence to be used to induce disclosure.—Except as provided in sections 306 and 307, no influence,",auto,"shared_keywords=['except', 'influence', 'provided', 'sections']; title_jaccard=0.50"
bnss_to_crpc,355,"At any stage of an inquiry or trial under this Sanhita, if the Judge or Magistrate",323,"Procedure when, after commencement of inquiry or trial, Magistrate finds case should be",auto,"shared_keywords=['inquiry', 'magistrate', 'trial']; title_jaccard=0.27"
crpc_to_bnss,355,"At any stage of an inquiry or trial under this Sanhita, if the Judge or Magistrate",323,"Procedure when, after commencement of inquiry or trial, Magistrate finds case should be",auto,"shared_keywords=['inquiry', 'magistrate', 'trial']; title_jaccard=0.27"
bnss_to_crpc,356,Notwithstanding anything contained in this Sanhita or in any other law for,45,Protection of members of the Armed Forces from arrest.—(1) Notwithstanding anything contained,auto,"shared_keywords=['anything', 'contained', 'notwithstanding']; title_jaccard=0.33"
crpc_to_bnss,356,Notwithstanding anything contained in this Sanhita or in any other law for,45,Protection of members of the Armed Forces from arrest.—(1) Notwithstanding anything contained,auto,"shared_keywords=['anything', 'contained', 'notwithstanding']; title_jaccard=0.33"
bnss_to_crpc,359,"The offences punishable under the sections of the Bharatiya Nyaya Sanhita,",320,Compounding of offences. —(1) The offences punishable under the sections of the Indian Penal,auto,"shared_keywords=['offences', 'punishable', 'sections']; title_jaccard=0.33"
crpc_to_bnss,359,"The offences punishable under the sections of the Bharatiya Nyaya Sanhita,",320,Compounding of offences. —(1) The offences punishable under the sections of the Indian Penal,auto,"shared_keywords=['offences', 'punishable', 'sections']; title_jaccard=0.33"
bnss_to_crpc,360,"The Public Prosecutor or Assistant Public Prosecutor in charge of a case may,",321,Withdrawal from prosecution.—The Public Prosecutor or Assistant Public Prosecutor in charge of a,auto,"shared_keywords=['assistant', 'charge', 'prosecutor', 'public']; title_jaccard=0.57"
crpc_to_bnss,360,"The Public Prosecutor or Assistant Public Prosecutor in charge of a case may,",321,Withdrawal from prosecution.—The Public Prosecutor or Assistant Public Prosecutor in charge of a,auto,"shared_keywords=['assistant', 'charge', 'prosecutor', 'public']; title_jaccard=0.57"
bnss_to_crpc,361,"If, in the course of any inquiry into an offence or a trial before a Magistrate in",322,"Procedure in cases which Magistrate cannot dispose of. —(1) If, in the course of any inquiry into an",auto,"shared_keywords=['course', 'inquiry', 'magistrate']; title_jaccard=0.33"
crpc_to_bnss,361,"If, in the course of any inquiry into an offence or a trial before a Magistrate in",322,"Procedure in cases which Magistrate cannot dispose of. —(1) If, in the course of any inquiry into an",auto,"shared_keywords=['course', 'inquiry', 'magistrate']; title_jaccard=0.33"
bnss_to_crpc,366,The place in which any Criminal Court is held for the purpose of inquiring into,327,Court to be open .—3[(1)] The place in which any Criminal Court is held fo r the purpose of inquiring into,auto,"shared_keywords=['criminal', 'held', 'inquiring', 'place', 'purpose']; title_jaccard=0.83"
crpc_to_bnss,366,The place in which any Criminal Court is held for the purpose of inquiring into,327,Court to be open .—3[(1)] The place in which any Criminal Court is held fo r the purpose of inquiring into,auto,"shared_keywords=['criminal', 'held', 'inquiring', 'place', 'purpose']; title_jaccard=0.83"
bnss_to_crpc,367,When a Magistrate holding an inquiry has reason to believe that the person,328,Procedure in case of accused being lunatic .—(1) When a Magistrate holding an inquiry has reason to,auto,"shared_keywords=['holding', 'inquiry', 'magistrate', 'reason']; title_jaccard=0.50"
crpc_to_bnss,367,When a Magistrate holding an inquiry has reason to believe that the person,328,Procedure in case of accused being lunatic .—(1) When a Magistrate holding an inquiry has reason to,auto,"shared_keywords=['holding', 'inquiry', 'magistrate', 'reason']; title_jaccard=0.50"
bnss_to_crpc,370,"Whenever an inquiry or a trial is postponed under section 367 or section 368,",331,Resumption of inquiry or trial. —(1) Whenever an inquiry or a trial is postponed under section 328 or,auto,"shared_keywords=['inquiry', 'postponed', 'trial', 'whenever']; title_jaccard=0.80"
crpc_to_bnss,370,"Whenever an inquiry or a trial is postponed under section 367 or section 368,",331,Resumption of inquiry or trial. —(1) Whenever an inquiry or a trial is postponed under section 328 or,auto,"shared_keywords=['inquiry', 'postponed', 'trial', 'whenever']; title_jaccard=0.80"
bnss_to_crpc,371,"If, when the accused appears or is again brought before the Magistrate or",332,"Procedure on accused appearing before Magistrate or Cour t.—(1) If, when the accused appears or is",auto,"shared_keywords=['accused', 'appears', 'before', 'magistrate']; title_jaccard=0.50"
crpc_to_bnss,371,"If, when the accused appears or is again brought before the Magistrate or",332,"Procedure on accused appearing before Magistrate or Cour t.—(1) If, when the accused appears or is",auto,"shared_keywords=['accused', 'appears', 'before', 'magistrate']; title_jaccard=0.50"
bnss_to_crpc,372,"When the accused appears to be of sound mind at the time of inquiry or trial, and",333,When accused appears to have been of sound mind.—When the accused appears to be of sound mind at,auto,"shared_keywords=['accused', 'appears', 'mind', 'sound']; title_jaccard=0.57"
crpc_to_bnss,372,"When the accused appears to be of sound mind at the time of inquiry or trial, and",333,When accused appears to have been of sound mind.—When the accused appears to be of sound mind at,auto,"shared_keywords=['accused', 'appears', 'mind', 'sound']; title_jaccard=0.57"
bnss_to_crpc,373,"Whenever any person is acquitted upon the ground that, at the time at which he",334,Judgment of acquittal on ground of unsoundness of mind.—Whenever any person is acquitted upon the,auto,"shared_keywords=['acquitted', 'ground', 'whenever']; title_jaccard=0.38"
crpc_to_bnss,373,"Whenever any person is acquitted upon the ground that, at the time at which he",334,Judgment of acquittal on ground of unsoundness of mind.—Whenever any person is acquitted upon the,auto,"shared_keywords=['acquitted', 'ground', 'whenever']; title_jaccard=0.38"
bnss_to_crpc,375,The State Government may empower the officer-in-charge of the jail in which a,336,Power of State Government to e mpower officer-in-charge to discharge. —The State Government may,auto,"shared_keywords=['charge', 'government', 'officer', 'state']; title_jaccard=0.50"
crpc_to_bnss,375,The State Government may empower the officer-in-charge of the jail in which a,336,Power of State Government to e mpower officer-in-charge to discharge. —The State Government may,auto,"shared_keywords=['charge', 'government', 'officer', 'state']; title_jaccard=0.50"
bnss_to_crpc,378,Whenever any relative or friend of any person detained under the provisions,339,Delivery of lunatic to care of relative or friend. —(1) Whenever any relative or friend of a ny person,auto,"shared_keywords=['friend', 'relative', 'whenever']; title_jaccard=0.38"
crpc_to_bnss,378,Whenever any relative or friend of any person detained under the provisions,339,Delivery of lunatic to care of relative or friend. —(1) Whenever any relative or friend of a ny person,auto,"shared_keywords=['friend', 'relative', 'whenever']; title_jaccard=0.38"
bnss_to_crpc,380,Any person on whose application any Court other than a High Court has,341,Appeal.—(1) Any person on whose application any Court other than a High Court has refused to make a,auto,"shared_keywords=['application', 'high', 'than']; title_jaccard=0.50"
crpc_to_bnss,380,Any person on whose application any Court other than a High Court has,341,Appeal.—(1) Any person on whose application any Court other than a High Court has refused to make a,auto,"shared_keywords=['application', 'high', 'than']; title_jaccard=0.50"
bnss_to_crpc,381,Any Court dealing with an application made to it for filing a complaint under,342,Power to order costs. —Any Court dealing with an application made to it for filing a complaint under,auto,"shared_keywords=['application', 'complaint', 'dealing', 'filing', 'made']; title_jaccard=0.83"
crpc_to_bnss,381,Any Court dealing with an application made to it for filing a complaint under,342,Power to order costs. —Any Court dealing with an application made to it for filing a complaint under,auto,"shared_keywords=['application', 'complaint', 'dealing', 'filing', 'made']; title_jaccard=0.83"
bnss_to_crpc,382,A Magistrate to whom a complaint is made under section 379 or section 380,343,Procedure of Magistrate taking cognizance.—(1) A Magistrate to whom a complaint is made under,auto,"shared_keywords=['complaint', 'made', 'magistrate']; title_jaccard=0.60"
crpc_to_bnss,382,A Magistrate to whom a complaint is made under section 379 or section 380,343,Procedure of Magistrate taking cognizance.—(1) A Magistrate to whom a complaint is made under,auto,"shared_keywords=['complaint', 'made', 'magistrate']; title_jaccard=0.60"
bnss_to_crpc,383,"If, at the time of delivery of any judgment or final order disposing of any",344,"Summary procedure for trial for giving false evidence. —(1) If, at the time of delivery of any judgment",auto,"shared_keywords=['delivery', 'judgment', 'time']; title_jaccard=0.30"
crpc_to_bnss,383,"If, at the time of delivery of any judgment or final order disposing of any",344,"Summary procedure for trial for giving false evidence. —(1) If, at the time of delivery of any judgment",auto,"shared_keywords=['delivery', 'judgment', 'time']; title_jaccard=0.30"
bnss_to_crpc,384,"When any such offence as is described in section 209, section 211,",345,"Procedure in certain cases of contempt. —(1) When any such offence as is described in section 175,",auto,"shared_keywords=['described', 'offence']; title_jaccard=0.40"
crpc_to_bnss,384,"When any such offence as is described in section 209, section 211,",345,"Procedure in certain cases of contempt. —(1) When any such offence as is described in section 175,",auto,"shared_keywords=['described', 'offence']; title_jaccard=0.40"
bnss_to_crpc,385,If the Court in any case considers that a person accused of any of the,346,Procedure where Court considers that case should not be dealt with under section,auto,"shared_keywords=['case', 'considers']; title_jaccard=0.40"
crpc_to_bnss,385,If the Court in any case considers that a person accused of any of the,346,Procedure where Court considers that case should not be dealt with under section,auto,"shared_keywords=['case', 'considers']; title_jaccard=0.40"
bnss_to_crpc,386,"When the State Government so directs, any Registrar or any Sub-Registrar",347,"When Registrar or Sub-Registrar to be deemed a Civil Court.—When the State Government so directs,",auto,"shared_keywords=['directs', 'government', 'registrar', 'state']; title_jaccard=0.67"
crpc_to_bnss,386,"When the State Government so directs, any Registrar or any Sub-Registrar",347,"When Registrar or Sub-Registrar to be deemed a Civil Court.—When the State Government so directs,",auto,"shared_keywords=['directs', 'government', 'registrar', 'state']; title_jaccard=0.67"
bnss_to_crpc,388,If any witness or person called to produce a document or thing before a Criminal,91,Summons to produce document or other thing. —(1) Whenever any Court or any officer in,auto,"shared_keywords=['document', 'produce', 'thing']; title_jaccard=0.30"
crpc_to_bnss,388,If any witness or person called to produce a document or thing before a Criminal,91,Summons to produce document or other thing. —(1) Whenever any Court or any officer in,auto,"shared_keywords=['document', 'produce', 'thing']; title_jaccard=0.30"
bnss_to_crpc,392,The judgment in every trial in any Criminal Court or original jurisdiction shall,353,Judgment. —(1) The judgment in every trial in any Criminal Court or original jurisdiction shall be,auto,"shared_keywords=['criminal', 'judgment', 'jurisdiction', 'original', 'trial']; title_jaccard=1.00"
crpc_to_bnss,392,The judgment in every trial in any Criminal Court or original jurisdiction shall,353,Judgment. —(1) The judgment in every trial in any Criminal Court or original jurisdiction shall be,auto,"shared_keywords=['criminal', 'judgment', 'jurisdiction', 'original', 'trial']; title_jaccard=1.00"
bnss_to_crpc,393,"( 1) Except as otherwise expressly provided by this Sanhita, every judgment",354,"Language a nd contents of judgment. —(1) Except as otherwise expressly provided by this Code, every",auto,"shared_keywords=['except', 'expressly', 'judgment', 'otherwise', 'provided']; title_jaccard=0.62"
crpc_to_bnss,393,"( 1) Except as otherwise expressly provided by this Sanhita, every judgment",354,"Language a nd contents of judgment. —(1) Except as otherwise expressly provided by this Code, every",auto,"shared_keywords=['except', 'expressly', 'judgment', 'otherwise', 'provided']; title_jaccard=0.62"
bnss_to_crpc,396,Every State Government in co-ordination with the Central Government shall,357a,Victim compensation scheme .—(1) Every State Government in co -ordination with the Central,auto,"shared_keywords=['central', 'government', 'ordination', 'state']; title_jaccard=0.57"
crpc_to_bnss,396,Every State Government in co-ordination with the Central Government shall,357a,Victim compensation scheme .—(1) Every State Government in co -ordination with the Central,auto,"shared_keywords=['central', 'government', 'ordination', 'state']; title_jaccard=0.57"
bnss_to_crpc,397,"All hospitals, public or private, whether run by the Central Government, the State",357c,"Treatment of victims .—All hospitals, public or private, whether run by the Central Government, the",auto,"shared_keywords=['central', 'government', 'hospitals', 'private', 'public', 'whether']; title_jaccard=0.67"
crpc_to_bnss,397,"All hospitals, public or private, whether run by the Central Government, the State",357c,"Treatment of victims .—All hospitals, public or private, whether run by the Central Government, the",auto,"shared_keywords=['central', 'government', 'hospitals', 'private', 'public', 'whether']; title_jaccard=0.67"
bnss_to_crpc,399,"Whenever any person causes a police officer to arrest another person, if it",358,Compensation to persons groundlessly arrested. —(1) Whenever any person causes a po lice officer to,auto,"shared_keywords=['causes', 'officer', 'whenever']; title_jaccard=0.30"
crpc_to_bnss,399,"Whenever any person causes a police officer to arrest another person, if it",358,Compensation to persons groundlessly arrested. —(1) Whenever any person causes a po lice officer to,auto,"shared_keywords=['causes', 'officer', 'whenever']; title_jaccard=0.30"
bnss_to_crpc,400,"Whenever any complaint of a non-cognizable offence is made to a Court, the",359,Order to pay costs in non -cognizable cases.—(1) Whenever any complaint of a non -cognizable offence,auto,"shared_keywords=['cognizable', 'complaint', 'offence', 'whenever']; title_jaccard=0.57"
crpc_to_bnss,400,"Whenever any complaint of a non-cognizable offence is made to a Court, the",359,Order to pay costs in non -cognizable cases.—(1) Whenever any complaint of a non -cognizable offence,auto,"shared_keywords=['cognizable', 'complaint', 'offence', 'whenever']; title_jaccard=0.57"
bnss_to_crpc,402,"Where in any case the Court could have dealt with,",361,"Special reasons to be recorded in certain cases.—Where in any case the Court could have dealt with,",auto,"shared_keywords=['case', 'could', 'dealt']; title_jaccard=0.38"
crpc_to_bnss,402,"Where in any case the Court could have dealt with,",361,"Special reasons to be recorded in certain cases.—Where in any case the Court could have dealt with,",auto,"shared_keywords=['case', 'could', 'dealt']; title_jaccard=0.38"
bnss_to_crpc,403,Save as otherwise provided by this Sanhita or by any other law for the time being,362,Court not to alter judgment. —Save as otherwise provided by this Code or by any other law for the time,auto,"shared_keywords=['otherwise', 'provided', 'save', 'time']; title_jaccard=0.57"
crpc_to_bnss,403,Save as otherwise provided by this Sanhita or by any other law for the time being,362,Court not to alter judgment. —Save as otherwise provided by this Code or by any other law for the time,auto,"shared_keywords=['otherwise', 'provided', 'save', 'time']; title_jaccard=0.57"
bnss_to_crpc,404,"When the accused is sentenced to imprisonment, a copy of the judgment",363,Copy of judgment to be given to the accused and other persons. —(1) When the accused is sentenced to,auto,"shared_keywords=['accused', 'copy', 'judgment', 'sentenced']; title_jaccard=0.67"
crpc_to_bnss,404,"When the accused is sentenced to imprisonment, a copy of the judgment",363,Copy of judgment to be given to the accused and other persons. —(1) When the accused is sentenced to,auto,"shared_keywords=['accused', 'copy', 'judgment', 'sentenced']; title_jaccard=0.67"
bnss_to_crpc,405,The original judgment shall be filed with the record of the proceedings and,364,Judgment when to be translated. —The original judgment shall be filed with the record of the,auto,"shared_keywords=['filed', 'judgment', 'original', 'record']; title_jaccard=0.67"
crpc_to_bnss,405,The original judgment shall be filed with the record of the proceedings and,364,Judgment when to be translated. —The original judgment shall be filed with the record of the,auto,"shared_keywords=['filed', 'judgment', 'original', 'record']; title_jaccard=0.67"
bnss_to_crpc,406,"In cases tried by the Court of Session or a Chief Judicial Magistrate, the Court or",365,Court of Session to send copy of finding and sentence to District Magistrate.—In cases tried by the Court,auto,"shared_keywords=['cases', 'magistrate', 'session', 'tried']; title_jaccard=0.36"
crpc_to_bnss,406,"In cases tried by the Court of Session or a Chief Judicial Magistrate, the Court or",365,Court of Session to send copy of finding and sentence to District Magistrate.—In cases tried by the Court,auto,"shared_keywords=['cases', 'magistrate', 'session', 'tried']; title_jaccard=0.36"
bnss_to_crpc,407,"When the Court of Session passes a sentence of death, the proceedings shall",366,Sentence of death to be submitted by Court of Session for confirmation. —(1) When the Court of,auto,"shared_keywords=['death', 'sentence', 'session']; title_jaccard=0.43"
crpc_to_bnss,407,"When the Court of Session passes a sentence of death, the proceedings shall",366,Sentence of death to be submitted by Court of Session for confirmation. —(1) When the Court of,auto,"shared_keywords=['death', 'sentence', 'session']; title_jaccard=0.43"
bnss_to_crpc,411,Where any such case is heard before a Bench of Judges and such Judges are,370,Procedure in case of difference of opinion. —Where any such case is heard before a Bench of Judges and,auto,"shared_keywords=['before', 'bench', 'case', 'heard', 'judges']; title_jaccard=0.71"
crpc_to_bnss,411,Where any such case is heard before a Bench of Judges and such Judges are,370,Procedure in case of difference of opinion. —Where any such case is heard before a Bench of Judges and,auto,"shared_keywords=['before', 'bench', 'case', 'heard', 'judges']; title_jaccard=0.71"
bnss_to_crpc,412,In cases submitted by the Court of Session to the High Court for the confirmation,371,Procedure in cases submitted to High Court for confirmation. —In cases submitted by the Court of,auto,"shared_keywords=['cases', 'confirmation', 'high', 'submitted']; title_jaccard=0.80"
crpc_to_bnss,412,In cases submitted by the Court of Session to the High Court for the confirmation,371,Procedure in cases submitted to High Court for confirmation. —In cases submitted by the Court of,auto,"shared_keywords=['cases', 'confirmation', 'high', 'submitted']; title_jaccard=0.80"
bnss_to_crpc,413,No appeal to lie unless otherwise provided.—No appeal shall lie from any judgment or order of,372,No appeal to lie unless otherwise provided. —No appeal shall lie from any judgment or order of a,manual,manual: no appeal unless otherwise provided (CrPC §372 → BNSS §413)
crpc_to_bnss,413,No appeal to lie unless otherwise provided.—No appeal shall lie from any judgment or order of,372,No appeal to lie unless otherwise provided. —No appeal shall lie from any judgment or order of a,manual,manual: no appeal unless otherwise provided (CrPC §372 → BNSS §413)
bnss_to_crpc,415,Any person convicted on a trial held by a High Court in its extraordinary,374,Appeals from convictions.—(1) Any person convicted on a trial held by a High Court in its extraordinary,auto,"shared_keywords=['convicted', 'extraordinary', 'held', 'high', 'trial']; title_jaccard=0.71"
crpc_to_bnss,415,Any person convicted on a trial held by a High Court in its extraordinary,374,Appeals from convictions.—(1) Any person convicted on a trial held by a High Court in its extraordinary,auto,"shared_keywords=['convicted', 'extraordinary', 'held', 'high', 'trial']; title_jaccard=0.71"
bnss_to_crpc,416,"Notwithstanding anything in section 415, where an accused person has pleaded",375,No appeal in certain cases when accused pleads guilty.—Notwithstanding anything contained in section,auto,"shared_keywords=['accused', 'anything', 'notwithstanding']; title_jaccard=0.30"
crpc_to_bnss,416,"Notwithstanding anything in section 415, where an accused person has pleaded",375,No appeal in certain cases when accused pleads guilty.—Notwithstanding anything contained in section,auto,"shared_keywords=['accused', 'anything', 'notwithstanding']; title_jaccard=0.30"
bnss_to_crpc,417,"Notwithstanding anything in section 415, there shall be no appeal by a convicted",376,"No appeal in petty cases.—Notwithstanding anything contained in section 374, there shall be no appeal",auto,"shared_keywords=['anything', 'appeal', 'notwithstanding', 'there']; title_jaccard=0.50"
crpc_to_bnss,417,"Notwithstanding anything in section 415, there shall be no appeal by a convicted",376,"No appeal in petty cases.—Notwithstanding anything contained in section 374, there shall be no appeal",auto,"shared_keywords=['anything', 'appeal', 'notwithstanding', 'there']; title_jaccard=0.50"
bnss_to_crpc,418,"Save as otherwise provided in sub-section (2), the State Government may, in",377,"Appeal by the State Government against sentence. —(1) Save as otherwise provided in sub -section (2),",auto,"shared_keywords=['government', 'otherwise', 'provided', 'save', 'state']; title_jaccard=0.62"
crpc_to_bnss,418,"Save as otherwise provided in sub-section (2), the State Government may, in",377,"Appeal by the State Government against sentence. —(1) Save as otherwise provided in sub -section (2),",auto,"shared_keywords=['government', 'otherwise', 'provided', 'save', 'state']; title_jaccard=0.62"
bnss_to_crpc,419,"Save as otherwise provided in sub-section (2), and subject to the provisions",378,"Appeal in case of acquittal. —5[(1) Save as otherwise provided in sub -section (2), and subject to the",auto,"shared_keywords=['otherwise', 'provided', 'save', 'subject']; title_jaccard=0.50"
crpc_to_bnss,419,"Save as otherwise provided in sub-section (2), and subject to the provisions",378,"Appeal in case of acquittal. —5[(1) Save as otherwise provided in sub -section (2), and subject to the",auto,"shared_keywords=['otherwise', 'provided', 'save', 'subject']; title_jaccard=0.50"
bnss_to_crpc,420,"Where the High Court has, on appeal, reversed an order of acquittal of an",390,"Arrest of accused in appeal from acquittal. —When an appeal is presented under section 378, the High",auto,"shared_keywords=['acquittal', 'appeal', 'high']; title_jaccard=0.43"
crpc_to_bnss,420,"Where the High Court has, on appeal, reversed an order of acquittal of an",390,"Arrest of accused in appeal from acquittal. —When an appeal is presented under section 378, the High",auto,"shared_keywords=['acquittal', 'appeal', 'high']; title_jaccard=0.43"
bnss_to_crpc,422,"Subject to the provisions of sub-section ( 2), an appeal to the Court of",381,"Appeal to Court of Session how heard. —(1) Subject to the provisions of sub-section (2), an appeal to the",auto,"shared_keywords=['appeal', 'provisions', 'subject']; title_jaccard=0.60"
crpc_to_bnss,422,"Subject to the provisions of sub-section ( 2), an appeal to the Court of",381,"Appeal to Court of Session how heard. —(1) Subject to the provisions of sub-section (2), an appeal to the",auto,"shared_keywords=['appeal', 'provisions', 'subject']; title_jaccard=0.60"
bnss_to_crpc,423,Every appeal shall be made in the form of a petition in writing presented by the,382,Petition of appeal. —Every appeal shall be made in the form of a petition in writing presented by the,auto,"shared_keywords=['appeal', 'form', 'made', 'petition', 'presented', 'writing']; title_jaccard=1.00"
crpc_to_bnss,423,Every appeal shall be made in the form of a petition in writing presented by the,382,Petition of appeal. —Every appeal shall be made in the form of a petition in writing presented by the,auto,"shared_keywords=['appeal', 'form', 'made', 'petition', 'presented', 'writing']; title_jaccard=1.00"
bnss_to_crpc,424,"If the appellant is in jail, he may present his petition of appeal and the copies",383,"Procedure when appellan t in jail. —If the appellant is in jail, he may present his petition of appeal and",auto,"shared_keywords=['appeal', 'appellant', 'jail', 'petition', 'present']; title_jaccard=0.71"
crpc_to_bnss,424,"If the appellant is in jail, he may present his petition of appeal and the copies",383,"Procedure when appellan t in jail. —If the appellant is in jail, he may present his petition of appeal and",auto,"shared_keywords=['appeal', 'appellant', 'jail', 'petition', 'present']; title_jaccard=0.71"
bnss_to_crpc,425,If upon examining the petition of appeal and copy of the judgment received,384,Summary dismissal of appeal. —(1) If upon examining the petition of appeal and copy of the judgment,auto,"shared_keywords=['appeal', 'copy', 'examining', 'judgment', 'petition']; title_jaccard=0.62"
crpc_to_bnss,425,If upon examining the petition of appeal and copy of the judgment received,384,Summary dismissal of appeal. —(1) If upon examining the petition of appeal and copy of the judgment,auto,"shared_keywords=['appeal', 'copy', 'examining', 'judgment', 'petition']; title_jaccard=0.62"
bnss_to_crpc,426,"If the Appellate Court does not dismiss the appeal summarily, it shall cause",385,Procedure for hearing appeals not dismissed summarily. —(1) If the Appellate Court does not dismiss,auto,"shared_keywords=['appellate', 'dismiss', 'does', 'summarily']; title_jaccard=0.44"
crpc_to_bnss,426,"If the Appellate Court does not dismiss the appeal summarily, it shall cause",385,Procedure for hearing appeals not dismissed summarily. —(1) If the Appellate Court does not dismiss,auto,"shared_keywords=['appellate', 'dismiss', 'does', 'summarily']; title_jaccard=0.44"
bnss_to_crpc,427,"After perusing such record and hearing the appellant or his advocate, if he",386,"Powers of the Appellate Court. —After perusing such record and hearing the appellant or his pl eader, if",auto,"shared_keywords=['after', 'appellant', 'hearing', 'perusing', 'record']; title_jaccard=0.62"
crpc_to_bnss,427,"After perusing such record and hearing the appellant or his advocate, if he",386,"Powers of the Appellate Court. —After perusing such record and hearing the appellant or his pl eader, if",auto,"shared_keywords=['after', 'appellant', 'hearing', 'perusing', 'record']; title_jaccard=0.62"
bnss_to_crpc,428,The rules contained in Chapter XXVIII as to the judgment of a Criminal Court of,387,Judgments of Subordinate Appellate Court. —The rules contained in Chapter XXVII as to the judgment,auto,"shared_keywords=['chapter', 'contained', 'judgment', 'rules']; title_jaccard=0.40"
crpc_to_bnss,428,The rules contained in Chapter XXVIII as to the judgment of a Criminal Court of,387,Judgments of Subordinate Appellate Court. —The rules contained in Chapter XXVII as to the judgment,auto,"shared_keywords=['chapter', 'contained', 'judgment', 'rules']; title_jaccard=0.40"
bnss_to_crpc,429,"Whenever a case is decided on appeal by the High Court under this Chapter,",388,Order of High Court on appeal to be certified to lower Court. —(1) Whenever a case is decided on,auto,"shared_keywords=['appeal', 'case', 'decided', 'high', 'whenever']; title_jaccard=0.62"
crpc_to_bnss,429,"Whenever a case is decided on appeal by the High Court under this Chapter,",388,Order of High Court on appeal to be certified to lower Court. —(1) Whenever a case is decided on,auto,"shared_keywords=['appeal', 'case', 'decided', 'high', 'whenever']; title_jaccard=0.62"
bnss_to_crpc,432,"In dealing with any appeal under this Chapter, the Appellate Court, if it thinks",391,Appellate Court may take further evidence or direct it to be taken. —(1) In dealing with any appeal,auto,"shared_keywords=['appeal', 'appellate', 'dealing']; title_jaccard=0.30"
crpc_to_bnss,432,"In dealing with any appeal under this Chapter, the Appellate Court, if it thinks",391,Appellate Court may take further evidence or direct it to be taken. —(1) In dealing with any appeal,auto,"shared_keywords=['appeal', 'appellate', 'dealing']; title_jaccard=0.30"
bnss_to_crpc,434,Judgments and orders passed by an Appellate Court upon an appeal shall be,393,Finality of judgments and orders on appeal. —Judgments and orders passed by an Appellate Court upon,auto,"shared_keywords=['appeal', 'appellate', 'judgments', 'orders', 'passed']; title_jaccard=0.83"
crpc_to_bnss,434,Judgments and orders passed by an Appellate Court upon an appeal shall be,393,Finality of judgments and orders on appeal. —Judgments and orders passed by an Appellate Court upon,auto,"shared_keywords=['appeal', 'appellate', 'judgments', 'orders', 'passed']; title_jaccard=0.83"
bnss_to_crpc,435,Every other appeal under section 418 or section 419 shall finally abate on the,394,Abatement of appeals.—(1) Every other appeal under section 377 or section 378 shall finally abate on the,auto,"shared_keywords=['abate', 'appeal', 'finally']; title_jaccard=0.60"
crpc_to_bnss,435,Every other appeal under section 418 or section 419 shall finally abate on the,394,Abatement of appeals.—(1) Every other appeal under section 377 or section 378 shall finally abate on the,auto,"shared_keywords=['abate', 'appeal', 'finally']; title_jaccard=0.60"
bnss_to_crpc,436,Where any Court is satisfied that a case pending before it involves a question,395,Reference to High Court. —(1) Where any Court is satisfied that a case pending before it involves a,auto,"shared_keywords=['before', 'case', 'involves', 'satisfied']; title_jaccard=0.57"
crpc_to_bnss,436,Where any Court is satisfied that a case pending before it involves a question,395,Reference to High Court. —(1) Where any Court is satisfied that a case pending before it involves a,auto,"shared_keywords=['before', 'case', 'involves', 'satisfied']; title_jaccard=0.57"
bnss_to_crpc,437,"When a question has been so referred, the High Court shall pass such order",396,"Disposal of case according to decision of High Court. —(1) When a question has been so referred, the",auto,"shared_keywords=['high', 'question', 'referred']; title_jaccard=0.38"
crpc_to_bnss,437,"When a question has been so referred, the High Court shall pass such order",396,"Disposal of case according to decision of High Court. —(1) When a question has been so referred, the",auto,"shared_keywords=['high', 'question', 'referred']; title_jaccard=0.38"
bnss_to_crpc,438,Calling for records to exercise powers of revision.—(1) The High Court or any Sessions Judge,397,Calling for records to ex ercise powers of revision. —(1) The High Court or any Sessions Judge may call,manual,manual: revision — calling for records (CrPC §397 → BNSS §438; not CrPC §438 bail)
crpc_to_bnss,438,Calling for records to exercise powers of revision.—(1) The High Court or any Sessions Judge,397,Calling for records to ex ercise powers of revision. —(1) The High Court or any Sessions Judge may call,manual,manual: revision — calling for records (CrPC §397 → BNSS §438; not CrPC §438 bail)
bnss_to_crpc,439,"Power to order inquiry .—On examining any record under section 438 or otherwise, the High",398,"Power to order inquiry.—On examining any record under section 397 or otherwise, the High Court or the",manual,manual: revision — power to order inquiry (CrPC §398 → BNSS §439)
crpc_to_bnss,439,"Power to order inquiry .—On examining any record under section 438 or otherwise, the High",398,"Power to order inquiry.—On examining any record under section 397 or otherwise, the High Court or the",manual,manual: revision — power to order inquiry (CrPC §398 → BNSS §439)
bnss_to_crpc,440,In the case of any proceeding the record of which has been called for by,399,Sessions Judge's powers of revision.—(1) In the case of any proceeding the record of which has been,auto,"shared_keywords=['case', 'proceeding', 'record']; title_jaccard=0.43"
crpc_to_bnss,440,In the case of any proceeding the record of which has been called for by,399,Sessions Judge's powers of revision.—(1) In the case of any proceeding the record of which has been,auto,"shared_keywords=['case', 'proceeding', 'record']; title_jaccard=0.43"
bnss_to_crpc,441,An Additional Sessions Judge shall have and may exercise all the powers of a,400,Power of Additional Sessions Judge. —An Additional Sessions Judge shall have and may exercise all the,auto,"shared_keywords=['additional', 'exercise', 'judge', 'sessions']; title_jaccard=1.00"
crpc_to_bnss,441,An Additional Sessions Judge shall have and may exercise all the powers of a,400,Power of Additional Sessions Judge. —An Additional Sessions Judge shall have and may exercise all the,auto,"shared_keywords=['additional', 'exercise', 'judge', 'sessions']; title_jaccard=1.00"
bnss_to_crpc,444,"Save as otherwise expressly provided by this Sanhita, no party has any right to",403,"Option of Court to hear parties. —Save as otherwise expressly provided by this Code, no party has any",auto,"shared_keywords=['expressly', 'otherwise', 'party', 'provided', 'save']; title_jaccard=0.50"
crpc_to_bnss,444,"Save as otherwise expressly provided by this Sanhita, no party has any right to",403,"Option of Court to hear parties. —Save as otherwise expressly provided by this Code, no party has any",auto,"shared_keywords=['expressly', 'otherwise', 'party', 'provided', 'save']; title_jaccard=0.50"
bnss_to_crpc,446,When a case is revised under this Chapter by the High Court or a Sessions,405,High Court's order to be certified to lower Court. —When a case is revised under this Chapter by the,auto,"shared_keywords=['case', 'chapter', 'high', 'revised']; title_jaccard=0.57"
crpc_to_bnss,446,When a case is revised under this Chapter by the High Court or a Sessions,405,High Court's order to be certified to lower Court. —When a case is revised under this Chapter by the,auto,"shared_keywords=['case', 'chapter', 'high', 'revised']; title_jaccard=0.57"
bnss_to_crpc,447,Whenever it is made to appear to the Supreme Court that an order under this,406,Power of Supreme Court to transfer cases and appeals. —(1) Whenever it is made to appear to the,auto,"shared_keywords=['appear', 'made', 'supreme', 'whenever']; title_jaccard=0.57"
crpc_to_bnss,447,Whenever it is made to appear to the Supreme Court that an order under this,406,Power of Supreme Court to transfer cases and appeals. —(1) Whenever it is made to appear to the,auto,"shared_keywords=['appear', 'made', 'supreme', 'whenever']; title_jaccard=0.57"
bnss_to_crpc,448,Whenever it is made to appear to the High Court,407,Power of High Court to transfer cases and appeals. —(1) Whenever it is made to appear to the High,auto,"shared_keywords=['appear', 'high', 'made', 'whenever']; title_jaccard=0.57"
crpc_to_bnss,448,Whenever it is made to appear to the High Court,407,Power of High Court to transfer cases and appeals. —(1) Whenever it is made to appear to the High,auto,"shared_keywords=['appear', 'high', 'made', 'whenever']; title_jaccard=0.57"
bnss_to_crpc,449,Whenever it is made to appear to a Sessions Judge that an order under this,408,Power of Sessions Judge to transfer cases and appeals. —(1) Whenever it is made to appear to a,auto,"shared_keywords=['appear', 'judge', 'made', 'sessions', 'whenever']; title_jaccard=0.62"
crpc_to_bnss,449,Whenever it is made to appear to a Sessions Judge that an order under this,408,Power of Sessions Judge to transfer cases and appeals. —(1) Whenever it is made to appear to a,auto,"shared_keywords=['appear', 'judge', 'made', 'sessions', 'whenever']; title_jaccard=0.62"
bnss_to_crpc,450,"A Sessions Judge may withdraw any case or appeal from, or recall any case or",409,Withdrawal of cases and appeals by Session Judge.—(1) A Sessions Judge may withdraw any case or,auto,"shared_keywords=['case', 'judge', 'sessions', 'withdraw']; title_jaccard=0.40"
crpc_to_bnss,450,"A Sessions Judge may withdraw any case or appeal from, or recall any case or",409,Withdrawal of cases and appeals by Session Judge.—(1) A Sessions Judge may withdraw any case or,auto,"shared_keywords=['case', 'judge', 'sessions', 'withdraw']; title_jaccard=0.40"
bnss_to_crpc,451,"Any Chief Judicial Magistrate may withdraw any case from, or recall any case",410,Withdrawal of cases by Judicial Magistrate. —(1) Any Chief Judicial Magistrate may withdraw any case,auto,"shared_keywords=['case', 'chief', 'judicial', 'magistrate', 'withdraw']; title_jaccard=0.62"
crpc_to_bnss,451,"Any Chief Judicial Magistrate may withdraw any case from, or recall any case",410,Withdrawal of cases by Judicial Magistrate. —(1) Any Chief Judicial Magistrate may withdraw any case,auto,"shared_keywords=['case', 'chief', 'judicial', 'magistrate', 'withdraw']; title_jaccard=0.62"
bnss_to_crpc,453,"A Sessions Judge or Magistrate making an order under section 450, section 451,",412,"Reasons to be recorded. —A Sessions Judge or Magistrate making an order under section 408, section",auto,"shared_keywords=['judge', 'magistrate', 'making', 'sessions']; title_jaccard=0.67"
crpc_to_bnss,453,"A Sessions Judge or Magistrate making an order under section 450, section 451,",412,"Reasons to be recorded. —A Sessions Judge or Magistrate making an order under section 408, section",auto,"shared_keywords=['judge', 'magistrate', 'making', 'sessions']; title_jaccard=0.67"
bnss_to_crpc,454,When in a case submitted to the High Court for the confirmation of a sentence of,369,"Confirmation or new sentence to be signed by two Judges. —In every case so submitted, the",auto,"shared_keywords=['case', 'confirmation', 'sentence', 'submitted']; title_jaccard=0.57"
crpc_to_bnss,454,When in a case submitted to the High Court for the confirmation of a sentence of,369,"Confirmation or new sentence to be signed by two Judges. —In every case so submitted, the",auto,"shared_keywords=['case', 'confirmation', 'sentence', 'submitted']; title_jaccard=0.57"
bnss_to_crpc,455,"When a sentence of death is passed by the High Court in appeal or in revision,",414,Execution of sentence of death passed by High Court. —When a sentence of death is passed by the High,auto,"shared_keywords=['death', 'high', 'passed', 'sentence']; title_jaccard=0.57"
crpc_to_bnss,455,"When a sentence of death is passed by the High Court in appeal or in revision,",414,Execution of sentence of death passed by High Court. —When a sentence of death is passed by the High,auto,"shared_keywords=['death', 'high', 'passed', 'sentence']; title_jaccard=0.57"
bnss_to_crpc,457,"If a woman sentenced to death is found to be pregnant, the High Court shall",416,Postponement of capital sentence on pregnant woman. —If a woman sentenced to death is found to be,auto,"shared_keywords=['death', 'found', 'pregnant', 'sentenced', 'woman']; title_jaccard=0.56"
crpc_to_bnss,457,"If a woman sentenced to death is found to be pregnant, the High Court shall",416,Postponement of capital sentence on pregnant woman. —If a woman sentenced to death is found to be,auto,"shared_keywords=['death', 'found', 'pregnant', 'sentenced', 'woman']; title_jaccard=0.56"
bnss_to_crpc,458,"Except when otherwise provided by any law for the time being in force, the",417,Power to appoint place of imprisonment. —(1) Except when otherwise provided by any law for the time,auto,"shared_keywords=['except', 'otherwise', 'provided', 'time']; title_jaccard=0.50"
crpc_to_bnss,458,"Except when otherwise provided by any law for the time being in force, the",417,Power to appoint place of imprisonment. —(1) Except when otherwise provided by any law for the time,auto,"shared_keywords=['except', 'otherwise', 'provided', 'time']; title_jaccard=0.50"
bnss_to_crpc,459,Where the accused is sentenced to imprisonment for life or to imprisonment,418,Execution of sentence of imprisonment. —(1) Where the accused is sentenced to imprisonment for life or,auto,"shared_keywords=['accused', 'imprisonment', 'life', 'sentenced']; title_jaccard=0.67"
crpc_to_bnss,459,Where the accused is sentenced to imprisonment for life or to imprisonment,418,Execution of sentence of imprisonment. —(1) Where the accused is sentenced to imprisonment for life or,auto,"shared_keywords=['accused', 'imprisonment', 'life', 'sentenced']; title_jaccard=0.67"
bnss_to_crpc,460,Every warrant for the execution of a sentence of imprisonment shall be directed,419,Direction of warrant for execution. —Every warrant for the execution of a sentence of imprisonment,auto,"shared_keywords=['execution', 'imprisonment', 'sentence', 'warrant']; title_jaccard=0.67"
crpc_to_bnss,460,Every warrant for the execution of a sentence of imprisonment shall be directed,419,Direction of warrant for execution. —Every warrant for the execution of a sentence of imprisonment,auto,"shared_keywords=['execution', 'imprisonment', 'sentence', 'warrant']; title_jaccard=0.67"
bnss_to_crpc,461,"When the prisoner is to be confined in a jail, the warrant shall be lodged with the",420,"Warrant with whom to be lodged. —When the prisoner is to be confined in a jail, the warrant shall be",auto,"shared_keywords=['confined', 'jail', 'lodged', 'prisoner', 'warrant']; title_jaccard=1.00"
crpc_to_bnss,461,"When the prisoner is to be confined in a jail, the warrant shall be lodged with the",420,"Warrant with whom to be lodged. —When the prisoner is to be confined in a jail, the warrant shall be",auto,"shared_keywords=['confined', 'jail', 'lodged', 'prisoner', 'warrant']; title_jaccard=1.00"
bnss_to_crpc,462,"When an offender has been sentenced to pay a fine, but no such payment",421,"Warrant for levy of fine.—(1) When an offender has been sentenced to pay a fine, the Court passing the",auto,"shared_keywords=['fine', 'offender', 'sentenced']; title_jaccard=0.43"
crpc_to_bnss,462,"When an offender has been sentenced to pay a fine, but no such payment",421,"Warrant for levy of fine.—(1) When an offender has been sentenced to pay a fine, the Court passing the",auto,"shared_keywords=['fine', 'offender', 'sentenced']; title_jaccard=0.43"
bnss_to_crpc,463,A warrant issued under clause (a) of sub-section (1) of section 462 by any Court,422,Effect of such warrant.—A warrant issued under clause (a) of sub-section (1) of section 421 by any Court,auto,"shared_keywords=['clause', 'issued', 'warrant']; title_jaccard=0.75"
crpc_to_bnss,463,A warrant issued under clause (a) of sub-section (1) of section 462 by any Court,422,Effect of such warrant.—A warrant issued under clause (a) of sub-section (1) of section 421 by any Court,auto,"shared_keywords=['clause', 'issued', 'warrant']; title_jaccard=0.75"
bnss_to_crpc,464,Notwithstanding anything contained in this Sanhita or in any other law for the,185,Power to order cases to be tried in different sessions divisions.—Notwithstanding anything contained in,auto,"shared_keywords=['anything', 'contained', 'notwithstanding']; title_jaccard=0.33"
crpc_to_bnss,464,Notwithstanding anything contained in this Sanhita or in any other law for the,185,Power to order cases to be tried in different sessions divisions.—Notwithstanding anything contained in,auto,"shared_keywords=['anything', 'contained', 'notwithstanding']; title_jaccard=0.33"
bnss_to_crpc,465,When an offender has been sentenced to fine only and to imprisonment in,424,Suspension of execution of sentence of imprisonment. —(1) When an offender has been sentenced to,auto,"shared_keywords=['imprisonment', 'offender', 'sentenced']; title_jaccard=0.38"
crpc_to_bnss,465,When an offender has been sentenced to fine only and to imprisonment in,424,Suspension of execution of sentence of imprisonment. —(1) When an offender has been sentenced to,auto,"shared_keywords=['imprisonment', 'offender', 'sentenced']; title_jaccard=0.38"
bnss_to_crpc,466,Every warrant for the execution of a sentence may be issued either by the Judge,425,Who may issue warrant. —Every warrant for the execution of a sentence may be issued either by the,auto,"shared_keywords=['either', 'execution', 'issued', 'sentence', 'warrant']; title_jaccard=0.71"
crpc_to_bnss,466,Every warrant for the execution of a sentence may be issued either by the Judge,425,Who may issue warrant. —Every warrant for the execution of a sentence may be issued either by the,auto,"shared_keywords=['either', 'execution', 'issued', 'sentence', 'warrant']; title_jaccard=0.71"
bnss_to_crpc,467,"When a sentence of death, imprisonment for life or fine is passed under this",426,"Sentence on escaped convict when to take effect. —(1) When a sentence of death, imprisonment for life",auto,"shared_keywords=['death', 'imprisonment', 'life', 'sentence']; title_jaccard=0.40"
crpc_to_bnss,467,"When a sentence of death, imprisonment for life or fine is passed under this",426,"Sentence on escaped convict when to take effect. —(1) When a sentence of death, imprisonment for life",auto,"shared_keywords=['death', 'imprisonment', 'life', 'sentence']; title_jaccard=0.40"
bnss_to_crpc,468,When a person already undergoing a sentence of imprisonment is sentenced,427,Sentence on offender already sentenced for another offence. —(1) When a person already undergoing a,auto,"shared_keywords=['already', 'sentence', 'sentenced', 'undergoing']; title_jaccard=0.50"
crpc_to_bnss,468,When a person already undergoing a sentence of imprisonment is sentenced,427,Sentence on offender already sentenced for another offence. —(1) When a person already undergoing a,auto,"shared_keywords=['already', 'sentence', 'sentenced', 'undergoing']; title_jaccard=0.50"
bnss_to_crpc,470,Nothing in section 467 or section 468 shall be held to excuse any person from,429,Saving.—(1) Nothing in section 426 or section 427 shall be held to excuse any person from any part of the,auto,"shared_keywords=['excuse', 'held', 'nothing']; title_jaccard=0.60"
crpc_to_bnss,470,Nothing in section 467 or section 468 shall be held to excuse any person from,429,Saving.—(1) Nothing in section 426 or section 427 shall be held to excuse any person from any part of the,auto,"shared_keywords=['excuse', 'held', 'nothing']; title_jaccard=0.60"
bnss_to_crpc,471,"When a sentence has been fully executed, the officer executing it shall return the",430,"Return of warrant on execution of sentence. —When a sentence has been fully executed, the officer",auto,"shared_keywords=['executed', 'fully', 'officer', 'return', 'sentence']; title_jaccard=0.62"
crpc_to_bnss,471,"When a sentence has been fully executed, the officer executing it shall return the",430,"Return of warrant on execution of sentence. —When a sentence has been fully executed, the officer",auto,"shared_keywords=['executed', 'fully', 'officer', 'return', 'sentence']; title_jaccard=0.62"
bnss_to_crpc,472,Any money (other than a fine) payable by virtue of any order made under this,431,Money ordered to be paid recoverable as a fine. —Any money (other than a fine) payable by virtue of,auto,"shared_keywords=['fine', 'money', 'payable', 'than', 'virtue']; title_jaccard=0.56"
crpc_to_bnss,472,Any money (other than a fine) payable by virtue of any order made under this,431,Money ordered to be paid recoverable as a fine. —Any money (other than a fine) payable by virtue of,auto,"shared_keywords=['fine', 'money', 'payable', 'than', 'virtue']; title_jaccard=0.56"
bnss_to_crpc,475,"The appropriate Government may, without the consent of the person sentenced,",433,"Power to commute sentence. —The appropriate Government may, without the consent of the person",auto,"shared_keywords=['appropriate', 'consent', 'government', 'without']; title_jaccard=0.57"
crpc_to_bnss,475,"The appropriate Government may, without the consent of the person sentenced,",433,"Power to commute sentence. —The appropriate Government may, without the consent of the person",auto,"shared_keywords=['appropriate', 'consent', 'government', 'without']; title_jaccard=0.57"
bnss_to_crpc,476,"Notwithstanding anything contained in section 474, where a sentence of",473,Extension of period of limitation in certain cases. —Notwithstanding anything contained in the,auto,"shared_keywords=['anything', 'contained', 'notwithstanding']; title_jaccard=0.33"
crpc_to_bnss,476,"Notwithstanding anything contained in section 474, where a sentence of",473,Extension of period of limitation in certain cases. —Notwithstanding anything contained in the,auto,"shared_keywords=['anything', 'contained', 'notwithstanding']; title_jaccard=0.33"
bnss_to_crpc,480,When any person other than a person accused of a non-bailable offence is,437,"When bail may be taken in case of non -bailable offence.—5[(1) When any person accused of, or",auto,"shared_keywords=['accused', 'bailable', 'offence']; title_jaccard=0.43"
crpc_to_bnss,480,When any person other than a person accused of a non-bailable offence is,437,"When bail may be taken in case of non -bailable offence.—5[(1) When any person accused of, or",auto,"shared_keywords=['accused', 'bailable', 'offence']; title_jaccard=0.43"
bnss_to_crpc,482,Direction for grant of bail to person apprehending arrest .—(1) When any person has reason,438,Direction for grant of ba il to person apprehending arrest .—(1) When any person has reason to believe,manual,manual: anticipatory bail (CrPC §438 → BNSS §482; not BNSS §438 revision)
crpc_to_bnss,482,Direction for grant of bail to person apprehending arrest .—(1) When any person has reason,438,Direction for grant of ba il to person apprehending arrest .—(1) When any person has reason to believe,manual,manual: anticipatory bail (CrPC §438 → BNSS §482; not BNSS §438 revision)
bnss_to_crpc,483,"Before conclusion of the trial and before disposal of the appeal, the Court",452,Order for disposal of property at conclusion of trial. —(1) When an inquiry or trial in any Criminal,auto,"shared_keywords=['conclusion', 'disposal', 'trial']; title_jaccard=0.38"
crpc_to_bnss,483,"Before conclusion of the trial and before disposal of the appeal, the Court",452,Order for disposal of property at conclusion of trial. —(1) When an inquiry or trial in any Criminal,auto,"shared_keywords=['conclusion', 'disposal', 'trial']; title_jaccard=0.38"
bnss_to_crpc,486,The amount of every bond executed under this Chapter shall be fixed with,440,Amount of bond and reduction thereof. —(1) The amount of every bond executed under this Chapter,auto,"shared_keywords=['amount', 'bond', 'chapter', 'executed']; title_jaccard=0.57"
crpc_to_bnss,486,The amount of every bond executed under this Chapter shall be fixed with,440,Amount of bond and reduction thereof. —(1) The amount of every bond executed under this Chapter,auto,"shared_keywords=['amount', 'bond', 'chapter', 'executed']; title_jaccard=0.57"
bnss_to_crpc,487,"Before any person is released on bail or released on his own bond, a bond for",441,"Bond of accused and sureties. —(1) Before any person is released on bail or released on his own bond, a",auto,"shared_keywords=['bail', 'before', 'bond', 'released']; title_jaccard=0.67"
crpc_to_bnss,487,"Before any person is released on bail or released on his own bond, a bond for",441,"Bond of accused and sureties. —(1) Before any person is released on bail or released on his own bond, a",auto,"shared_keywords=['bail', 'before', 'bond', 'released']; title_jaccard=0.67"
bnss_to_crpc,488,"Every person standing surety to an accused person for his release on bail, shall",441a,"Declaration by sureties.—Every person standing surety to an accused person for his release on bail,",auto,"shared_keywords=['accused', 'bail', 'release', 'standing', 'surety']; title_jaccard=0.71"
crpc_to_bnss,488,"Every person standing surety to an accused person for his release on bail, shall",441a,"Declaration by sureties.—Every person standing surety to an accused person for his release on bail,",auto,"shared_keywords=['accused', 'bail', 'release', 'standing', 'surety']; title_jaccard=0.71"
bnss_to_crpc,489,"As soon as the bond has been executed, the person for whose appearance it",442,"Discharge from custody.—(1) As soon as the bond has been executed, the person for whose appearance it",auto,"shared_keywords=['appearance', 'bond', 'executed', 'soon']; title_jaccard=0.67"
crpc_to_bnss,489,"As soon as the bond has been executed, the person for whose appearance it",442,"Discharge from custody.—(1) As soon as the bond has been executed, the person for whose appearance it",auto,"shared_keywords=['appearance', 'bond', 'executed', 'soon']; title_jaccard=0.67"
bnss_to_crpc,490,"If, through mistake, fraud or otherwise, insufficient sureties have been accepted,",443,"Power to order sufficient bail when that first taken is insufficient. —If, through mistake, fraud or",auto,"shared_keywords=['fraud', 'insufficient', 'mistake', 'through']; title_jaccard=0.36"
crpc_to_bnss,490,"If, through mistake, fraud or otherwise, insufficient sureties have been accepted,",443,"Power to order sufficient bail when that first taken is insufficient. —If, through mistake, fraud or",auto,"shared_keywords=['fraud', 'insufficient', 'mistake', 'through']; title_jaccard=0.36"
bnss_to_crpc,491,All or any sureties for the attendance and appearance of a person released on,444,Discharge of sureties. —(1) All or any sureties for the attendance and appearance of a person released on,auto,"shared_keywords=['appearance', 'attendance', 'released', 'sureties']; title_jaccard=0.80"
crpc_to_bnss,491,All or any sureties for the attendance and appearance of a person released on,444,Discharge of sureties. —(1) All or any sureties for the attendance and appearance of a person released on,auto,"shared_keywords=['appearance', 'attendance', 'released', 'sureties']; title_jaccard=0.80"
bnss_to_crpc,492,When any person is required by any Court or officer to execute a bond with or,445,Deposit instead of recognizance.—When any person is required by any Court or officer to execute a bond,auto,"shared_keywords=['bond', 'execute', 'officer', 'required']; title_jaccard=0.57"
crpc_to_bnss,492,When any person is required by any Court or officer to execute a bond with or,445,Deposit instead of recognizance.—When any person is required by any Court or officer to execute a bond,auto,"shared_keywords=['bond', 'execute', 'officer', 'required']; title_jaccard=0.57"
bnss_to_crpc,494,"Without prejudice to the provisions of section 493, where a bond under this",446a,"Cancellation of bond and bail bond. —Without prejudice to th e provisions of section 446, where a",auto,"shared_keywords=['bond', 'prejudice', 'provisions', 'without']; title_jaccard=0.67"
crpc_to_bnss,494,"Without prejudice to the provisions of section 493, where a bond under this",446a,"Cancellation of bond and bail bond. —Without prejudice to th e provisions of section 446, where a",auto,"shared_keywords=['bond', 'prejudice', 'provisions', 'without']; title_jaccard=0.67"
bnss_to_crpc,495,Appeal from orders under section,447,Procedure in case of insolvency of death of surety or when a bond is forfeited. —When any surety to a,manual,manual: insolvency/death of surety (CrPC §447 → BNSS §495)
crpc_to_bnss,495,Appeal from orders under section,447,Procedure in case of insolvency of death of surety or when a bond is forfeited. —When any surety to a,manual,manual: insolvency/death of surety (CrPC §447 → BNSS §495)
bnss_to_crpc,496,"When the person required by any Court, or officer to execute a bond is a minor,",448,"Bond required from minor.—When the person required by any Court, or officer to execute a bond is a",auto,"shared_keywords=['bond', 'execute', 'minor', 'officer', 'required']; title_jaccard=1.00"
crpc_to_bnss,496,"When the person required by any Court, or officer to execute a bond is a minor,",448,"Bond required from minor.—When the person required by any Court, or officer to execute a bond is a",auto,"shared_keywords=['bond', 'execute', 'minor', 'officer', 'required']; title_jaccard=1.00"
bnss_to_crpc,498,The High Court or Court of Sessions may direct any Magistrate to levy the,450,Power to direct levy of amount due on certain recognizance s.—The High Court or Court of Sessions,auto,"shared_keywords=['direct', 'high', 'levy', 'sessions']; title_jaccard=0.50"
crpc_to_bnss,498,The High Court or Court of Sessions may direct any Magistrate to levy the,450,Power to direct levy of amount due on certain recognizance s.—The High Court or Court of Sessions,auto,"shared_keywords=['direct', 'high', 'levy', 'sessions']; title_jaccard=0.50"
bnss_to_crpc,505,Whenever the seizure of property by any police officer is reported to a,457,Procedure by police upon seizure of property. —(1) Whenever the seizure of property by any police,auto,"shared_keywords=['police', 'property', 'seizure', 'whenever']; title_jaccard=0.67"
crpc_to_bnss,505,Whenever the seizure of property by any police officer is reported to a,457,Procedure by police upon seizure of property. —(1) Whenever the seizure of property by any police,auto,"shared_keywords=['police', 'property', 'seizure', 'whenever']; title_jaccard=0.67"
bnss_to_crpc,508,"Proceedings in wrong place.—No finding, sentence or order of any Criminal Court shall be set",460,Irregularities which do not vitiate proceedings. —If any Magistrate not empowered by law to do any of,manual,manual: irregularities not vitiating proceedings (CrPC §460 → BNSS §508)
crpc_to_bnss,508,"Proceedings in wrong place.—No finding, sentence or order of any Criminal Court shall be set",460,Irregularities which do not vitiate proceedings. —If any Magistrate not empowered by law to do any of,manual,manual: irregularities not vitiating proceedings (CrPC §460 → BNSS §508)
bnss_to_crpc,509,"If any Magistrate, not being empowered by law in this behalf, does any of the",461,"Irregularities which vitiate proce edings.—If any Magistrate, not being empowered by law in this behalf,",auto,"shared_keywords=['behalf', 'empowered', 'magistrate']; title_jaccard=0.38"
crpc_to_bnss,509,"If any Magistrate, not being empowered by law in this behalf, does any of the",461,"Irregularities which vitiate proce edings.—If any Magistrate, not being empowered by law in this behalf,",auto,"shared_keywords=['behalf', 'empowered', 'magistrate']; title_jaccard=0.38"
bnss_to_crpc,510,"No finding, sentence or order of any Criminal Court shall be set aside merely on",462,"Proceedings in wrong place. —No finding, sentence or order of any Criminal Court shall be set aside",auto,"shared_keywords=['aside', 'criminal', 'finding', 'sentence']; title_jaccard=0.50"
crpc_to_bnss,510,"No finding, sentence or order of any Criminal Court shall be set aside merely on",462,"Proceedings in wrong place. —No finding, sentence or order of any Criminal Court shall be set aside",auto,"shared_keywords=['aside', 'criminal', 'finding', 'sentence']; title_jaccard=0.50"
bnss_to_crpc,514,"No attachment made under this Sanhita shall be deemed unlawful, nor shall any",466,Defect or error not to make attachment unlawful. —No attachment made under this Code shall be,auto,"shared_keywords=['attachment', 'made', 'unlawful']; title_jaccard=0.38"
crpc_to_bnss,514,"No attachment made under this Sanhita shall be deemed unlawful, nor shall any",466,Defect or error not to make attachment unlawful. —No attachment made under this Code shall be,auto,"shared_keywords=['attachment', 'made', 'unlawful']; title_jaccard=0.38"
bnss_to_crpc,515,"For the purposes of this Chapter, unless the context otherwise requires, \""period",467,"Definitions. —For the purposes of this Chapter, unless the context oth erwise requires, “period of",auto,"shared_keywords=['chapter', 'context', 'period', 'purposes', 'requires', 'unless']; title_jaccard=0.67"
crpc_to_bnss,515,"For the purposes of this Chapter, unless the context otherwise requires, \""period",467,"Definitions. —For the purposes of this Chapter, unless the context oth erwise requires, “period of",auto,"shared_keywords=['chapter', 'context', 'period', 'purposes', 'requires', 'unless']; title_jaccard=0.67"
bnss_to_crpc,516,"Except as otherwise provided in this Sanhita, no Court shall take cognizance",468,Bar to taking cognizance after lapse of the period of limitation. —(1) Except as otherwise provided,auto,"shared_keywords=['cognizance', 'except', 'otherwise', 'provided']; title_jaccard=0.36"
crpc_to_bnss,516,"Except as otherwise provided in this Sanhita, no Court shall take cognizance",468,Bar to taking cognizance after lapse of the period of limitation. —(1) Except as otherwise provided,auto,"shared_keywords=['cognizance', 'except', 'otherwise', 'provided']; title_jaccard=0.36"
bnss_to_crpc,517,"The period of limitation, in relation to an offender, shall commence,",469,"Commencement of the period of limitation .—(1) The period of limitation, in relation to an offender,",auto,"shared_keywords=['limitation', 'offender', 'period', 'relation']; title_jaccard=0.67"
crpc_to_bnss,517,"The period of limitation, in relation to an offender, shall commence,",469,"Commencement of the period of limitation .—(1) The period of limitation, in relation to an offender,",auto,"shared_keywords=['limitation', 'offender', 'period', 'relation']; title_jaccard=0.67"
bnss_to_crpc,518,"In computing the period of limitation, the time during which any person has",470,"Exclusion of time in certain cases. —(1) In computing the period of limitation, the time during",auto,"shared_keywords=['computing', 'during', 'limitation', 'period', 'time']; title_jaccard=0.62"
crpc_to_bnss,518,"In computing the period of limitation, the time during which any person has",470,"Exclusion of time in certain cases. —(1) In computing the period of limitation, the time during",auto,"shared_keywords=['computing', 'during', 'limitation', 'period', 'time']; title_jaccard=0.62"
bnss_to_crpc,519,"Where the period of limitation expires on a day when the Court is closed, the",471,Exclusion of date on which Court is closed.—Where the period of limitation expires on a day when,auto,"shared_keywords=['closed', 'expires', 'limitation', 'period']; title_jaccard=0.67"
crpc_to_bnss,519,"Where the period of limitation expires on a day when the Court is closed, the",471,Exclusion of date on which Court is closed.—Where the period of limitation expires on a day when,auto,"shared_keywords=['closed', 'expires', 'limitation', 'period']; title_jaccard=0.67"
bnss_to_crpc,520,"In the case of a continuing offence, a fresh period of limitation shall begin to run",472,"Continuing offence.—In the case of a continuing offence, a fresh period of limitation shall begin to",auto,"shared_keywords=['begin', 'case', 'continuing', 'fresh', 'limitation', 'offence', 'period']; title_jaccard=1.00"
crpc_to_bnss,520,"In the case of a continuing offence, a fresh period of limitation shall begin to run",472,"Continuing offence.—In the case of a continuing offence, a fresh period of limitation shall begin to",auto,"shared_keywords=['begin', 'case', 'continuing', 'fresh', 'limitation', 'offence', 'period']; title_jaccard=1.00"
bnss_to_crpc,522,"When an offence is tried by the High Court otherwise than under section 448, it",474,Trials before High Courts. —When an offence is tri ed by the High Court otherwise than under,auto,"shared_keywords=['high', 'offence', 'otherwise', 'than']; title_jaccard=0.57"
crpc_to_bnss,522,"When an offence is tried by the High Court otherwise than under section 448, it",474,Trials before High Courts. —When an offence is tri ed by the High Court otherwise than under,auto,"shared_keywords=['high', 'offence', 'otherwise', 'than']; title_jaccard=0.57"
bnss_to_crpc,524,"Subject to the power conferred by article 227 of the Constitution, the forms set",476,"Forms. —Subject to the power conferred by article 227 of the Constitution, the forms set forth in the",auto,"shared_keywords=['article', 'conferred', 'constitution', 'forms', 'subject']; title_jaccard=0.83"
crpc_to_bnss,524,"Subject to the power conferred by article 227 of the Constitution, the forms set",476,"Forms. —Subject to the power conferred by article 227 of the Constitution, the forms set forth in the",auto,"shared_keywords=['article', 'conferred', 'constitution', 'forms', 'subject']; title_jaccard=0.83"
bnss_to_crpc,525,"Every High Court may, with the previous approval of the State Government,",477,"Power of High Court to make rules. —(1) Every High Court may, with the previous approval of the State",auto,"shared_keywords=['approval', 'high', 'previous', 'state']; title_jaccard=0.57"
crpc_to_bnss,525,"Every High Court may, with the previous approval of the State Government,",477,"Power of High Court to make rules. —(1) Every High Court may, with the previous approval of the State",auto,"shared_keywords=['approval', 'high', 'previous', 'state']; title_jaccard=0.57"
bnss_to_crpc,527,"No Judge or Magistrate shall, except with the permission of the Court to which",479,"Case in which Judge or Magistrate is personally interested. —No Judge or Magistrate shall, except with",auto,"shared_keywords=['except', 'judge', 'magistrate']; title_jaccard=0.43"
crpc_to_bnss,527,"No Judge or Magistrate shall, except with the permission of the Court to which",479,"Case in which Judge or Magistrate is personally interested. —No Judge or Magistrate shall, except with",auto,"shared_keywords=['except', 'judge', 'magistrate']; title_jaccard=0.43"
bnss_to_crpc,529,A public servant having any duty to perform in connection with the sale of any,481,Public servant concerned in sale not to purchase or bid for property. —A public servant having any,auto,"shared_keywords=['having', 'public', 'sale', 'servant']; title_jaccard=0.40"
crpc_to_bnss,529,A public servant having any duty to perform in connection with the sale of any,481,Public servant concerned in sale not to purchase or bid for property. —A public servant having any,auto,"shared_keywords=['having', 'public', 'sale', 'servant']; title_jaccard=0.40"
bnss_to_crpc,530,Nothing in this Sanhita shall be deemed to limit or affect the inherent powers of,482,Saving of inherent powers of High Court. —Nothing in this Code shall be deemed to limit or affect the,auto,"shared_keywords=['affect', 'deemed', 'inherent', 'limit', 'nothing']; title_jaccard=0.62"
crpc_to_bnss,530,Nothing in this Sanhita shall be deemed to limit or affect the inherent powers of,482,Saving of inherent powers of High Court. —Nothing in this Code shall be deemed to limit or affect the,auto,"shared_keywords=['affect', 'deemed', 'inherent', 'limit', 'nothing']; title_jaccard=0.62"
bnss_to_crpc,531,Every High Court shall so exercise its superintendence over the Courts of Sessions,483,Duty of High Court to exercise continuous superintendence over Courts of Judicial Magistrates,auto,"shared_keywords=['exercise', 'high', 'over', 'superintendence']; title_jaccard=0.44"
crpc_to_bnss,531,Every High Court shall so exercise its superintendence over the Courts of Sessions,483,Duty of High Court to exercise continuous superintendence over Courts of Judicial Magistrates,auto,"shared_keywords=['exercise', 'high', 'over', 'superintendence']; title_jaccard=0.44"
