direction,bns_section_id,bns_title,ipc_section_id,ipc_title,bridge_kind,mapping_note
bns_to_ipc,100,Culpable homicide.,299,Causes death by doing an act with the intention of causing death,auto,matched via shared concepts: culpable-homicide
bns_to_ipc,101,Murder.,300,"Except in the cases hereinafter excepted, culpable homicide is murder, if the act by wh...",auto,matched via shared concepts: murder
bns_to_ipc,102,Culpable homicide by causing death of person other than person whose death was intended.,299,Causes death by doing an act with the intention of causing death,auto,matched via shared concepts: culpable-homicide
bns_to_ipc,103,Punishment for murder.,302,Murder,auto,matched via shared concepts: murder
bns_to_ipc,104,Punishment for murder by life-convict,303,Murder by a person under Sentence of imprisonment for life,auto,matched via shared concepts: murder
bns_to_ipc,105,Punishment for culpable homicide not amounting to murder.,304,"Culpable homicide not amounting to murder, If act by which the death is caused is done with intention of causing death, etc.",auto,"matched via content overlap: amount, culpable, homicide"
bns_to_ipc,106,Causing death by negligence.,299,Causes death by doing an act with the intention of causing death,auto,matched via shared concepts: culpable-homicide
bns_to_ipc,107,Abetment of suicide of child or person of unsound mind.,305,"Abetment of suicide committed by child or insane or delirious person or an idiot, or a person intoxicated",auto,"matched via content overlap: abetment, child, deliriou"
bns_to_ipc,108,Abetment of suicide.,306,"Abetment of suicide committed by child or insane or delirious person or an idiot, or a person intoxicated",manual,manual correction: Abetment of suicide (general) -> IPC §306
bns_to_ipc,109,Attempt to murder.,307,Attempt to murder,auto,matched via shared concepts: murder
bns_to_ipc,11,Solitary confinement.,347,"Wrongful confinement for the purpose of extorting property, or constraining to an illegal act, etc.",auto,matched via content overlap: confinement
bns_to_ipc,110,Attempt to commit culpable homicide.,308,Attempt to commit culpable homicide,auto,"matched via content overlap: attempt, culpable, homicide"
bns_to_ipc,114,Hurt.,319,cause hurt,auto,matched via shared concepts: hurt
bns_to_ipc,115,Voluntarily causing hurt.,323,Voluntarily causing hurt,manual,manual: voluntarily causing hurt (IPC §323 → BNS §115; not provocation §122)
bns_to_ipc,116,Grievous hurt.,320,"The following kinds of hurt only are designated as \""grievous\"": Emasculation. Permanent ...",auto,"matched via shared concepts: grievous-hurt, hurt"
bns_to_ipc,117,Voluntarily causing grievous hurt.,322,"Voluntarily causes hurt, if the hurt which he intends to cause or knows himself to be likely to cause is grievous hurt",auto,matched via shared concepts: grievous-hurt
bns_to_ipc,118,Voluntarily causing hurt or grievous hurt by dangerous weapons or means.,326,Voluntarily causing grievous hurt by dangerous weapons or means,auto,"matched via shared concepts: grievous-hurt, hurt"
bns_to_ipc,119,"Voluntarily causing hurt or grievous hurt to extort property, or to constrain to an illegal act.",329,"Voluntarily causing grievous hurt to extort property or a valuable security, or to constrain to do anything which is illegal, or which may facilitate the commission of an offence",auto,matched via shared concepts: hurt
bns_to_ipc,12,Limit of solitary confinement.,74,Limit of solitary confinement,manual,manual mapping: limit of solitary confinement — IPC §74
bns_to_ipc,120,"Voluntarily causing hurt or grievous hurt to extort confession, or to compel restoration of property.",331,"Voluntarily causing grievous hurt to extort confession or information or to compel restoration of property, etc.",auto,matched via shared concepts: hurt
bns_to_ipc,121,Voluntarily causing hurt or grievous hurt to deter public servant from his duty,333,Voluntarily causing grievous hurt to deter public servant from his duty,auto,"matched via content overlap: deter, duty, from"
bns_to_ipc,122,Voluntarily causing hurt or grievous hurt on provocation.,334,"Voluntarily causing hurt on grave and sudden provocation, not intending to hurt any other than the person who gave the provocation",manual,manual: hurt on provocation (IPC §334 → BNS §122; not IPC §323)
bns_to_ipc,123,"Causing hurt by means of poison, etc., with intent to commit an offence.",328,"Administering stupefying drug with intent to cause hurt, etc.",auto,matched via shared concepts: hurt
bns_to_ipc,124,"Voluntarily causing grievous hurt by use of acid, etc.",326a,"Voluntarily causing grievous hurt by use of acid, etc.",auto,matched via shared concepts: grievous-hurt
bns_to_ipc,125,Act endangering life or personal safety of others.,336,Doing any act which endangers human life or the personal safety of others,auto,"matched via content overlap: endanger, hurt, life"
bns_to_ipc,126,Wrongful restraint.,425,"With intent to cause, or knowing that he is likely to cause, wrongful loss or damage to the public or to any person",auto,matched via content overlap: wrongful
bns_to_ipc,127,Wrongful confinement.,346,Wrongful confinement in secret,auto,matched via shared concepts: wrongful-confinement
bns_to_ipc,128,Force.,350,use criminal force to that other,auto,matched via shared concepts: criminal-force
bns_to_ipc,129,Criminal force.,350,use criminal force to that other,auto,matched via shared concepts: criminal-force
bns_to_ipc,130,Assault.,351,commit an assault,auto,"matched via shared concepts: assault, criminal-force"
bns_to_ipc,131,Punishment for assault or criminal force otherwise than on grave provocation.,355,"Assault or criminal force with intent to dishonour a person, otherwise than on grave and sudden provocation",auto,matched via shared concepts: assault
bns_to_ipc,132,Assault or criminal force to deter public servant from discharge of his duty.,353,Assault or use of criminal force to deter a public servant from discharge of his duty,auto,matched via shared concepts: assault
bns_to_ipc,133,"Assault or criminal force with intent to dishonour person, otherwise than on grave provocation.",355,"Assault or criminal force with intent to dishonour a person, otherwise than on grave and sudden provocation",auto,matched via shared concepts: assault
bns_to_ipc,134,Assault or criminal force in attempt to commit theft of property carried by a person.,356,Assault or criminal force in attempt to commit theft of property worn or carried by a person,auto,matched via shared concepts: assault
bns_to_ipc,135,Assault or criminal force in attempt to wrongfully confine a person.,357,Assault or use of criminal Force in attempt wrongfully to confine a person,auto,matched via shared concepts: assault
bns_to_ipc,136,Assault or criminal force on grave provocation.,355,"Assault or criminal force with intent to dishonour a person, otherwise than on grave and sudden provocation",auto,matched via shared concepts: assault
bns_to_ipc,137,Kidnapping.,359,"Kidnapping is of two kinds: kidnapping from India, and kidnapping from lawful guardians...",auto,matched via shared concepts: kidnapping
bns_to_ipc,138,Abduction.,362,abduct that person,auto,matched via shared concepts: abduction
bns_to_ipc,139,Kidnapping or maiming a child for purposes of begging.,363a,Kidnapping or obtaining the custody of a minor in order that such minor may be employed or used for purposes of begging,auto,matched via shared concepts: kidnapping
bns_to_ipc,14,"Act done by a person bound, or by mistake of fact believing himself bound, by law",418,"Cheating a person whose interest the offender was bound, either by law or by legal contract, to protect",auto,"matched via content overlap: bound, legal"
bns_to_ipc,140,"Kidnapping or abducting in order to murder or for ransom, etc.",367,"Kidnapping or abducting in order to subject a person to grievous hurt, slavery, etc.",auto,"matched via shared concepts: abduction, kidnapping"
bns_to_ipc,141,Importation of girl or boy from foreign country,366b,Importation of girl from foreign country,auto,"matched via content overlap: country, foreign, from"
bns_to_ipc,142,"Wrongfully concealing or keeping in confinement, kidnapped or abducted person.",368,Concealing or keeping in confinement a kidnapped person,auto,"matched via shared concepts: abduction, kidnapping"
bns_to_ipc,143,Trafficking of person.,370,Trafficking of person,auto,"matched via shared concepts: abduction, trafficking"
bns_to_ipc,144,Exploitation of a trafficked person,370a,Exploitation of a trafficked child,auto,matched via shared concepts: trafficking
bns_to_ipc,145,Habitual dealing in slaves.,371,Habitual dealing in slaves,auto,"matched via content overlap: deal, habitual, slav"
bns_to_ipc,146,Unlawful compulsory labour.,374,Unlawful compulsory labour,auto,"matched via content overlap: compulsory, labour, unlawful"
bns_to_ipc,147,"Waging, or attempting to wage war, or abetting waging of war, against Government of India.",125,"Waging war against any Asiatic power in alliance or at peace with the Government of India, or abetting the waging of such war",auto,matched via shared concepts: waging-war
bns_to_ipc,148,Conspiracy to commit offences punishable by section 147.,121a,Conspiring to commit certain offences against the State,auto,matched via shared concepts: waging-war
bns_to_ipc,149,"Collecting arms, etc., with intention of waging war against Government of India.",122,"Collecting arms, etc., with The intention of waging War against the Government of India",auto,matched via shared concepts: waging-war
bns_to_ipc,15,Act of Judge when acting judicially.,77,Act of Judge when acting judicially,manual,manual mapping: judicial immunity — IPC §77
bns_to_ipc,150,Concealing with intent to facilitate design to wage war.,123,Concealing with intent to facilitate a design to wage War,auto,matched via shared concepts: waging-war
bns_to_ipc,151,"Assaulting President, Governor, etc., with intent to compel or restrain exercise of any lawful power.",124,"Assaulting President, Governor, etc., with intent to compel or restrain the exercise of any lawful power",auto,"matched via content overlap: assault, compel, exercise"
bns_to_ipc,152,"Act endangering sovereignty, unity and integrity of India.",122,"Collecting arms, etc., with The intention of waging War against the Government of India",auto,matched via shared concepts: waging-war
bns_to_ipc,153,Waging war against Government of any foreign State at peace with Government of India.,125,"Waging war against any Asiatic power in alliance or at peace with the Government of India, or abetting the waging of such war",auto,matched via shared concepts: waging-war
bns_to_ipc,154,Committing depredation on territories of foreign State at peace with Government of India.,126,Committing depredation On the territories of any power in alliance or at peace with the Government of India,auto,matched via shared concepts: waging-war
bns_to_ipc,155,Receiving property taken by war or depredation mentioned in sections 153 and 154.,127,Receiving property taken by war or depredation mentioned in sections 125 And 126,auto,"matched via content overlap: depredation, mentioned, property"
bns_to_ipc,156,Public servant voluntarily allowing prisoner of State or war to escape.,128,Public servant voluntarily allowing prisoner of State or war in his custody to escape,auto,"matched via content overlap: allow, escape, prisoner"
bns_to_ipc,157,Public servant negligently suffering such prisoner to escape.,129,Public servant negligently suffering prisoner of State or war in his custody to escape,auto,"matched via content overlap: escape, negligently, prisoner"
bns_to_ipc,158,"Aiding escape of, rescuing or harbouring such prisoner.",130,"Aiding escape of, rescuing or harbouring, such prisoner, or offering Any resistance to the recapture of such prisoner",auto,"matched via content overlap: aid, escape, harbour"
bns_to_ipc,159,"Abetting mutiny, or attempting to seduce a soldier, sailor or airman from his duty.",131,"Abetting mutiny, or attempting to seduce an officer, soldier sailor or airman from his allegiance or duty",auto,matched via shared concepts: mutiny
bns_to_ipc,16,Act done pursuant to judgment or order of Court.,78,Act done pursuant to the judgment or order of Court,manual,manual mapping: act under court order — IPC §78
bns_to_ipc,160,"Abetment of mutiny, if mutiny is committed in consequence thereof.",132,"Abetment of mutiny, if mutiny is committed in consequence thereof",auto,matched via shared concepts: mutiny
bns_to_ipc,161,"Abetment of assault by soldier, sailor or airman on his superior officer, when in execution of his office.",133,"Abetment of assault by an officer, soldier, sailor or airman on his superior officer, when in the execution of his office",auto,"matched via content overlap: abetment, airman, assault"
bns_to_ipc,162,"Abetment of such assault, if assault committed",134,"Abetment of such assault, if the assault is committed",auto,"matched via content overlap: abetment, assault, where"
bns_to_ipc,163,"Abetment of desertion of soldier, sailor or airman.",135,"Abetment of the desertion of an officer, soldier, sailor or airman",auto,matched via shared concepts: desertion
bns_to_ipc,164,Harbouring deserter.,136,"Harbouring such an officer, soldier, sailor or airman who has deserted",auto,matched via shared concepts: desertion
bns_to_ipc,165,Deserter concealed on board merchant vessel through negligence of master.,137,"Deserter concealed on board merchant vessel, through negligence of master or person in charge thereof",auto,matched via shared concepts: desertion
bns_to_ipc,166,"Abetment of act of insubordination by soldier, sailor or airman.",138,"Abetment of act of insubordination by an officer, soldier, sailor or airman, if the offence be committed in consequence",auto,"matched via content overlap: abetment, airman, insubordination"
bns_to_ipc,167,Persons subject to certain Acts.,213,"Taking gift, etc., to screen an offender from punishment, If the offence be capital",auto,matched via content overlap: from
bns_to_ipc,168,"Wearing garb or carrying token used by soldier, sailor or airman.",140,"Wearing the dress or carrying any token used by a soldier, sailor or airman with intent that it may be believed that he is such a soldier, sailor or airman",auto,"matched via content overlap: airman, carry, member"
bns_to_ipc,169,"Candidate, electoral right defined.",171a,"\""Candidate\"", \""Electoral right\"" defined",auto,matched via shared concepts: electoral-right
bns_to_ipc,170,Bribery.,171b,Whoever: gives a gratification to any person with the object of inducing him or any oth...,auto,matched via shared concepts: electoral-right
bns_to_ipc,171,Undue influence at elections.,171d,"At an election applies for a voting paper on votes in the name of any other person, whether living or dead",auto,matched via shared concepts: electoral-right
bns_to_ipc,172,Personation at elections.,171d,"At an election applies for a voting paper on votes in the name of any other person, whether living or dead",auto,matched via content overlap: election
bns_to_ipc,173,Punishment for bribery.,171e,Bribery,auto,"matched via content overlap: bribery, electoral"
bns_to_ipc,174,Punishment for undue influence or personation at an election.,171f,Undue influence at an election,auto,"matched via content overlap: election, influence, undue"
bns_to_ipc,175,False statement in connection with an election.,171g,False statement in connection with an election,auto,"matched via content overlap: connection, election, false"
bns_to_ipc,176,Illegal payments in connection with an election.,171h,Illegal payments in connection with elections,auto,"matched via content overlap: connection, election, illegal"
bns_to_ipc,177,Failure to keep election accounts.,171i,Failure to keep election accounts,auto,"matched via content overlap: account, election, failure"
bns_to_ipc,178,"Counterfeiting coin, Government stamps, currency-notes or bank-notes.",230,"Coin — Coin is metal used for the time being as money, and stamped and issued by the au...",auto,matched via shared concepts: counterfeiting
bns_to_ipc,179,"Using as genuine, forged or counterfeit coin, Government stamp, currency-notes or bank-notes.",260,Using as genuine a Government stamp known to be counterfeit,auto,matched via shared concepts: counterfeiting
bns_to_ipc,180,"Possession of forged or counterfeit coin, Government stamp, currency-notes or bank-notes.",259,Having possession of a counterfeit Government stamp,auto,matched via shared concepts: counterfeiting
bns_to_ipc,181,"Making or possessing instruments or materials for forging or counterfeiting coin, Government stamp, currency-notes or bank-notes.",489d,"Making or possessing machinery, instrument or material for forging or counterfeiting currency-notes or bank-notes",auto,"matched via content overlap: bank, counterfeit, currency"
bns_to_ipc,182,Making or using documents resembling currency-notes or bank-notes.,489e,Making or using documents resembling currency-notes or bank-notes,auto,"matched via content overlap: bank, currency, document"
bns_to_ipc,183,"Effacing writing from substance bearing Government stamp, or removing from document a stamp used for it, with intent to cause loss to Government.",261,"Effacing any writing from a substance bearing a Government stamp, or removing from a document a stamp used for it, with intent to cause a loss to Government",auto,matched via shared concepts: counterfeiting
bns_to_ipc,184,Using Government stamp known to have been before used.,262,Using a Government stamp known to have been before used,auto,matched via shared concepts: counterfeiting
bns_to_ipc,185,Erasure of mark denoting that stamp has been used.,263,Erasure of mark denoting that stamps have been used,auto,matched via shared concepts: counterfeiting
bns_to_ipc,186,Prohibition of fictitious stamps.,230,"Coin — Coin is metal used for the time being as money, and stamped and issued by the au...",auto,matched via shared concepts: counterfeiting
bns_to_ipc,187,Person employed in mint causing coin to be of different weight or composition from that fixed by law.,244,Person employed in a Mint causing coin to be of a different weight or composition from that fixed by law,auto,matched via shared concepts: counterfeiting
bns_to_ipc,188,Unlawfully taking coining instrument from mint.,245,Unlawfully taking from a Mint any coining instrument,auto,matched via shared concepts: counterfeiting
bns_to_ipc,189,Unlawful assembly,146,Rioting,auto,matched via shared concepts: unlawful-assembly
bns_to_ipc,19,"Act likely to cause harm, but done without criminal intent, and to prevent other harm.",315,"Act done with intent to prevent a child being born alive, or to cause it to die after its birth",auto,matched via content overlap: prevent
bns_to_ipc,190,Every member of unlawful assembly guilty of offence committed in prosecution of common object.,149,"If an offence be committed by any member of an unlawful assembly, every other member of such assembly shall be guilty of the offence",auto,matched via shared concepts: unlawful-assembly
bns_to_ipc,191,Rioting.,146,Rioting,auto,"matched via shared concepts: rioting, unlawful-assembly"
bns_to_ipc,192,Wantonly giving provocation with intent to cause riot-if rioting be committed; if not committed.,153,"Wantonly giving provocation with intent to cause riot, If rioting be committed",auto,"matched via content overlap: provocation, riot, wantonly"
bns_to_ipc,193,"Liability of owner, occupier, etc., of land on which an unlawful assembly or riot takes place.",146,Rioting,auto,"matched via shared concepts: rioting, unlawful-assembly"
bns_to_ipc,194,Affray.,159,Engaging in a public fight and disturbing peace is committing an affray with two or more individuals.,auto,matched via shared concepts: affray
bns_to_ipc,195,"Assaulting or obstructing public servant when suppressing riot, etc",152,"Assaulting or obstructing public servant when suppressing riot, etc.",auto,"matched via content overlap: assault, obstruct, riot"
bns_to_ipc,196,"Promoting enmity between different groups on grounds of religion, race, place of birth, residence, language, etc., and doing acts prejudicial to maintenance of harmony",153a,Promoting enmity between classes,auto,matched via shared concepts: promoting-enmity
bns_to_ipc,197,"Imputations, assertions prejudicial to national integration.",153b,"Imputations, assertions prejudicial to national integration",auto,matched via shared concepts: promoting-enmity
bns_to_ipc,198,"Public servant disobeying law, with intent to cause injury to any person.",166,Public servant disobeying a direction of the law with intent to cause injury to any person,auto,"matched via content overlap: disobey, injury, servant"
bns_to_ipc,199,Public servant disobeying direction under law,166a,Public servant disobeying direction under law,auto,"matched via content overlap: direction, disobey, servant"
bns_to_ipc,20,Act of a child under seven years of age.,317,Exposure of a child under 12 Years of age by parent or person having care of it with intention of wholly abandoning it,auto,"matched via content overlap: child, year"
bns_to_ipc,201,Public servant framing an incorrect document with intent to cause injury.,167,Public servant framing an incorrect document with intent to cause injury,auto,"matched via content overlap: document, fram, incorrect"
bns_to_ipc,202,Public servant unlawfully engaging in trade.,168,Public servant unlawfully engaging in trade,auto,"matched via content overlap: engag, servant, trade"
bns_to_ipc,203,Public servant unlawfully buying or bidding for property.,169,Public servant unlawfully buying or bidding for property,auto,"matched via content overlap: bidd, buy, property"
bns_to_ipc,204,Personating a public servant.,170,Personating a Public servant,auto,"matched via content overlap: personat, servant"
bns_to_ipc,205,Wearing garb or carrying token used by public servant with fraudulent intent.,140,"Wearing the dress or carrying any token used by a soldier, sailor or airman with intent that it may be believed that he is such a soldier, sailor or airman",auto,"matched via content overlap: carry, token, wear"
bns_to_ipc,206,Absconding to avoid service of summons or other proceeding.,172,Absconding to avoid service of summons or other proceeding from a public servant,auto,"matched via content overlap: abscond, avoid, proceed"
bns_to_ipc,207,"Preventing service of summons or other proceeding, or preventing publication thereof.",172,Absconding to avoid service of summons or other proceeding from a public servant,auto,"matched via content overlap: proceed, service, summon"
bns_to_ipc,208,Non-attendance in obedience to an order from public servant.,223,Escape from confinement negligently suffered by a public servant,auto,"matched via content overlap: from, servant"
bns_to_ipc,209,"Non-appearance in response to a proclamation under section 84 of Bharatiya Nagarik Suraksha Sanhita, 2023.",174a,Failure to appear at specified place and specified time as required by a proclamation published under Sub-Section 1 of section 82 of this Code,auto,matched via content overlap: proclamation
bns_to_ipc,21,Act of a child above seven and under twelve years of age of immature understanding,376db,"\""Where a woman under twelve years of age is raped by one or more persons constituting a...",auto,"matched via content overlap: twelve, year"
bns_to_ipc,210,Omission to produce document or electronic record to public servant by person legally bound to produce it,175,Intentionally omitting to produce a document to a public servant by a person legally bound to produce deliver such document,auto,"matched via content overlap: bound, document, legally"
bns_to_ipc,211,Omission to give notice or information to public servant by person legally bound to give it.,176,Intentionally omitting to Give notice or information to a public servant by a person legally bound to Give such notice or information,auto,"matched via content overlap: bound, information, legally"
bns_to_ipc,212,Furnishing false information.,177,Knowingly furnishing false information to a public servant,auto,"matched via content overlap: false, furnish, information"
bns_to_ipc,213,Refusing oath or affirmation when duly required by public servant to make it.,178,Refusing oath when duly required to take oath by a public servant,auto,"matched via content overlap: duly, oath, refus"
bns_to_ipc,214,Refusing to answer public servant authorised to question.,178,Refusing oath when duly required to take oath by a public servant,auto,"matched via content overlap: refus, servant"
bns_to_ipc,215,Refusing to sign statement.,180,Refusing to sign statement made to a public servant when legally required to do so,auto,"matched via content overlap: refus, required, servant"
bns_to_ipc,216,False statement on oath or affirmation to public servant or person authorised to administer an oath or affirmation.,181,"Knowingly stating to a public servant, on oath as True that which is false",auto,"matched via content overlap: false, oath, servant"
bns_to_ipc,217,"False information, with intent to cause public servant to use his lawful power to injury of another person.",182,Giving false information to a public servant in order to cause him to use his lawful power to the injury or annoyance of any person,auto,"matched via content overlap: false, information, injury"
bns_to_ipc,218,Resistance to taking of property by lawful authority of a public servant.,183,Resistance to the taking of property by the lawful authority of a public servant,auto,"matched via content overlap: authority, lawful, property"
bns_to_ipc,219,Obstructing sale of property offered for sale by authority of public servant.,184,Obstructing sale of property offered for sale by authority of a public servant,auto,"matched via content overlap: authority, obstruct, offered"
bns_to_ipc,22,Act of a person of unsound mind.,491,"Being bound to attend on or supply the wants of a person who is helpless from youth, unsoundness of mind or disease, and voluntarily omitting to do so",auto,"matched via content overlap: mind, unsoundnes"
bns_to_ipc,220,Illegal purchase or bid for property offered for sale by authority of public servant.,184,Obstructing sale of property offered for sale by authority of a public servant,auto,"matched via content overlap: authority, offered, property"
bns_to_ipc,221,Obstructing public servant in discharge of public functions.,186,Obstructing public servant in discharge of his public functions,auto,"matched via content overlap: discharge, function, obstruct"
bns_to_ipc,222,Omission to assist public servant when bound by law to give assistance.,187,Omission to assist public servant when bound by law to give such assistance,auto,"matched via content overlap: assist, assistance, bound"
bns_to_ipc,223,Disobedience to order duly promulgated by public servant.,188,"Disobedience to an order lawfully promulgated by a public servant, If such disobedience causes obstruction, annoyance or injury to persons lawfully employed",auto,"matched via content overlap: disobedience, lawfully, promulgated"
bns_to_ipc,224,Threat of injury to public servant.,189,"Threatening a public servant with injury to him or one in whom he is interested, to induce him to do or forbear to do any official act",auto,"matched via content overlap: injury, official, servant"
bns_to_ipc,225,Threat of injury to induce person to refrain from applying for protection to public servant.,190,Threatening any person to induce him to refrain From making a legal application for protection From injury,auto,"matched via content overlap: from, induce, injury"
bns_to_ipc,226,Attempt to commit suicide to compel or restrain exercise of lawful power.,309,Attempt to commit suicide,auto,"matched via content overlap: attempt, suicide"
bns_to_ipc,227,Giving false evidence.,191,give false evidence,auto,matched via shared concepts: false-evidence
bns_to_ipc,228,Fabricating false evidence.,191,give false evidence,auto,matched via shared concepts: false-evidence
bns_to_ipc,229,Punishment for false evidence.,193,Giving or fabricating false evidence in a judicial proceeding,auto,matched via shared concepts: false-evidence
bns_to_ipc,23,Act of a person incapable of judgment by reason of intoxication caused against his will,508,Act caused by inducing a person to believe that he will be rendered an object of Divine displeasure,auto,"matched via content overlap: that, will"
bns_to_ipc,230,Giving or fabricating false evidence with intent to procure conviction of capital offence.,195,Giving or fabricating false evidence with intent to procure conviction of an offence punishable with imprisonment for life or with imprisonment for 7 Years or upwards,auto,matched via shared concepts: false-evidence
bns_to_ipc,231,Giving or fabricating false evidence with intent to procure conviction of offence punishable with imprisonment for life or imprisonment.,195,Giving or fabricating false evidence with intent to procure conviction of an offence punishable with imprisonment for life or with imprisonment for 7 Years or upwards,auto,matched via shared concepts: false-evidence
bns_to_ipc,232,Threatening any person to give false evidence,195a,Threatening any person to give false evidence,auto,matched via shared concepts: false-evidence
bns_to_ipc,233,Using evidence known to be false,196,Using in a judicial proceeding evidence known to be false or fabricated,auto,matched via shared concepts: false-evidence
bns_to_ipc,234,Issuing or signing false certificate.,197,Knowingly issuing or signing a false certificate relating to any fact of which such certificate is by law admissible in evidence,auto,matched via shared concepts: false-evidence
bns_to_ipc,235,Using as true a certificate known to be false.,198,Using as a true certificate one known to be false in a material point,auto,matched via shared concepts: false-evidence
bns_to_ipc,236,False statement made in declaration which is by law receivable as evidence,199,False statement made in any declaration which by law receivable as evidence,auto,matched via shared concepts: false-evidence
bns_to_ipc,237,Using as true such declaration knowing it to be false,198,Using as a true certificate one known to be false in a material point,auto,matched via shared concepts: false-evidence
bns_to_ipc,238,"Causing disappearance of evidence of offence, or giving false information to screen offender.",201,"Causing disappearance of evidence of an offence committed, or giving false information touching it to screen the offender, If a capital offence",auto,"matched via content overlap: disappearance, evidence, false"
bns_to_ipc,239,Intentional omission to give information of offence by person bound to inform.,202,Intentional omission to give information of an offence by a person legally bound to inform,auto,"matched via content overlap: bound, inform, information"
bns_to_ipc,240,Giving false information respecting an offence committed.,203,Giving false information respecting an offence committed,auto,"matched via content overlap: false, information, respect"
bns_to_ipc,241,Destruction of document or electronic record to prevent its production as evidence,204,Secreting or destroying any document to prevent its production as evidence,auto,"matched via content overlap: destroy, document, evidence"
bns_to_ipc,242,False personation for purpose of act or proceeding in suit or prosecution.,205,"False personation for the purpose of any act or proceeding in a suit or criminal prosecution, or for becoming bail or security",auto,"matched via content overlap: criminal, false, personation"
bns_to_ipc,243,Fraudulent removal or concealment of property to prevent its seizure as forfeited or in execution.,206,"Fraudulent removal or concealment, etc., of property to prevent its seizure as a forfeiture, or in satisfaction of a Fine under sentence, or in execution of a decree",auto,"matched via content overlap: concealment, execution, forfeiture"
bns_to_ipc,244,Fraudulent claim to property to prevent its seizure as forfeited or in execution.,206,"Fraudulent removal or concealment, etc., of property to prevent its seizure as a forfeiture, or in satisfaction of a Fine under sentence, or in execution of a decree",auto,"matched via content overlap: execution, forfeiture, fraudulent"
bns_to_ipc,245,Fraudulently suffering decree for sum not due.,208,"Fraudulently suffering a decree to pass for a sum not due, or suffering decree to be executed after it has been satisfied",auto,"matched via content overlap: decree, fraudulently, suffer"
bns_to_ipc,246,Dishonestly making false claim in Court.,209,False claim in a court of Justice,auto,"matched via content overlap: claim, court, false"
bns_to_ipc,247,Fraudulently obtaining decree for sum not due.,210,"Fraudulently obtaining a decree for a sum not due, or causing a decree to be executed after it has been satisfied",auto,"matched via content overlap: decree, fraudulently, obtain"
bns_to_ipc,248,False charge of offence made with intent to injure.,211,False charge of offence made with intent to injure,auto,"matched via content overlap: charge, false, injure"
bns_to_ipc,249,Harbouring offender.,213,"Taking gift, etc., to screen an offender from punishment, If the offence be capital",auto,"matched via content overlap: from, offender, screen"
bns_to_ipc,25,"Act not intended and not known to be likely to cause death or grievous hurt, done by consent.",322,"Voluntarily causes hurt, if the hurt which he intends to cause or knows himself to be likely to cause is grievous hurt",auto,"matched via content overlap: grievou, hurt, likely"
bns_to_ipc,250,"Taking gift, etc., to screen an offender from punishment.",213,"Taking gift, etc., to screen an offender from punishment, If the offence be capital",auto,"matched via content overlap: from, gift, offender"
bns_to_ipc,251,Offering gift or restoration of property in consideration of screening offender.,214,"Offering gift or restoration of property in consideration of screening offender, If the offence be capital",auto,"matched via content overlap: consideration, gift, offender"
bns_to_ipc,252,"Taking gift to help to recover stolen property, etc.",215,Taking gift to help to recover movable property of which a person has been deprived by an offence without causing apprehension of offender,auto,"matched via content overlap: gift, help, offender"
bns_to_ipc,253,Harbouring offender who has escaped from custody or whose apprehension has been ordered.,216,"Harbouring an offender who has escaped from custody, or whose apprehension has been ordered, If the offence be capital",auto,"matched via content overlap: apprehension, been, custody"
bns_to_ipc,254,Penalty for harbouring robbers or dacoits,216a,Harbouring robbers or dacoits,auto,"matched via content overlap: dacoit, harbour, robber"
bns_to_ipc,255,Public servant disobeying direction of law with intent to save person from punishment or property from forfeiture.,217,"Public servant disobeying a direction of law with intent to save person from punishment, or property from forfeiture",auto,"matched via content overlap: direction, disobey, forfeiture"
bns_to_ipc,256,Public servant framing incorrect record or writing with intent to save person from punishment or property from forfeiture.,218,"Public servant framing an incorrect record or writing with intent to save person from punishment, or property from forfeiture",auto,"matched via content overlap: forfeiture, fram, from"
bns_to_ipc,257,"Public servant in judicial proceeding corruptly making report, etc., contrary to law.",219,"Public servant in a judicial proceeding corruptly Making and pronouncing an order, report, Verdict, or decision which he knows to be contrary to law",auto,"matched via content overlap: contrary, corruptly, decision"
bns_to_ipc,258,Commitment for trial or confinement by person having authority who knows that he is acting contrary to law.,220,"Commitment for trial or confinement by a person Having authority, who Knows that he is Acting contrary to law",auto,"matched via content overlap: act, authority, commitment"
bns_to_ipc,259,Intentional omission to apprehend on part of public servant bound to apprehend.,221,"Intentional omission to apprehend on the part of a public servant bound by law to apprehend an offender, If the offence be Capital",auto,"matched via content overlap: apprehend, bound, intentional"
bns_to_ipc,26,"Act not intended to cause death, done by consent in good faith for person's benefit.",304,"Culpable homicide not amounting to murder, If act by which the death is caused is done with intention of causing death, etc.",auto,matched via content overlap: death
bns_to_ipc,260,Intentional omission to apprehend on part of public servant bound to apprehend person under sentence or lawfully committed.,222,"Intentional omission to apprehend on the part of A public servant bound by law to apprehend person under sentence of a court of Justice, If under sentence of death",auto,"matched via content overlap: apprehend, bound, intentional"
bns_to_ipc,261,Escape from confinement or custody negligently suffered by public servant.,223,Escape from confinement negligently suffered by a public servant,auto,"matched via content overlap: confinement, escape, from"
bns_to_ipc,262,Resistance or obstruction by a person to his lawful apprehension.,224,Resistance or obstruction by a person to his lawful apprehension,auto,"matched via content overlap: apprehension, lawful, obstruction"
bns_to_ipc,263,Resistance or obstruction to lawful apprehension of another person.,225,"Resistance or obstruction to the lawful apprehension of any person, or, rescuing him from lawful custody",auto,"matched via content overlap: apprehension, custody, from"
bns_to_ipc,264,"Omission to apprehend, or sufferance of escape, on part of public servant, in cases not otherwise provided for",225a,"Omission to apprehend, or sufferance of escape on part of public servant, in cases not otherwise provided for, In case of intentional omission or sufferance",auto,"matched via content overlap: apprehend, escape, omission"
bns_to_ipc,265,Resistance or obstruction to lawful apprehension or escape or rescue in cases not otherwise provided for.,225b,"Resistance or obstruction to lawful apprehension, or escape or rescue in cases not otherwise provided for",auto,"matched via content overlap: apprehension, escape, lawful"
bns_to_ipc,266,Violation of condition of remission of punishment.,227,Violation of condition of remission of punishment,auto,"matched via content overlap: condition, remission, violation"
bns_to_ipc,267,Intentional insult or interruption to public servant sitting in judicial proceeding.,228,Intentional insult or interruption to a public servant sitting in any stage of a judicial proceeding,auto,"matched via content overlap: insult, intentional, interruption"
bns_to_ipc,268,Personation of assessor.,229,Personation of a juror or assessor,auto,"matched via content overlap: assessor, personation"
bns_to_ipc,269,Failure by person released on bail bond or bond to appear in Court.,229a,Failure by person released on bail or bond to appear in Court,auto,"matched via content overlap: appear, bail, bond"
bns_to_ipc,27,"Act done in good faith for benefit of child or person of unsound mind, by, or by consent of guardian.",321,Does any act with the intention of thereby causing hurt to any person,auto,matched via content overlap: hurt
bns_to_ipc,270,Public nuisance.,268,A person is guilty of a public nuisance who does any act or is guilty of an illegal omi...,auto,matched via shared concepts: public-nuisance
bns_to_ipc,271,Negligent act likely to spread infection of disease dangerous to life.,269,Negligently doing any act known to be likely to spread infection of any disease dangerous to life,auto,"matched via content overlap: dangerou, disease, infection"
bns_to_ipc,272,Malignant act likely to spread infection of disease dangerous to life.,270,Malignantly doing any act known to be likely to spread infection of any disease dangerous to life,auto,"matched via content overlap: dangerou, disease, infection"
bns_to_ipc,273,Disobedience to quarantine rule.,271,Knowingly disobeying any quarantine rule,auto,"matched via content overlap: quarantine, rule"
bns_to_ipc,274,Adulteration of food or drink intended for sale.,272,"Adulterating food or drink intended for sale, so as to make the same noxious",auto,matched via shared concepts: adulteration
bns_to_ipc,275,Sale of noxious food or drink.,272,"Adulterating food or drink intended for sale, so as to make the same noxious",auto,matched via shared concepts: adulteration
bns_to_ipc,276,Adulteration of drugs.,274,"Adulterating any drug or medical preparation intended for sale so as to lessen its efficacy, or to change its operation, or to make it noxious",auto,matched via shared concepts: adulteration
bns_to_ipc,277,Sale of adulterated drugs.,275,Offering for sale or issuing from a dispensary any drug or medical preparation known to have been adulterated,auto,matched via shared concepts: adulteration
bns_to_ipc,278,Sale of drug as a different drug or preparation.,275,Offering for sale or issuing from a dispensary any drug or medical preparation known to have been adulterated,auto,matched via shared concepts: adulteration
bns_to_ipc,279,Fouling water of public spring or reservoir.,277,Defiling the water of a public spring or reservoir,auto,matched via shared concepts: public-nuisance
bns_to_ipc,28,Consent known to be given under fear or misconception.,90,Consent known to be given under fear or misconception,manual,manual mapping: invalid consent — IPC §90
bns_to_ipc,280,Making atmosphere noxious to health.,278,Making atmosphere noxious to health,auto,matched via shared concepts: public-nuisance
bns_to_ipc,281,Rash driving or riding on a public way.,279,"Driving or riding on a public way so rashly or negligently as to endanger human life, etc.",auto,"matched via content overlap: driv, rid"
bns_to_ipc,282,Rash navigation of vessel.,304a,Causing death by rash or negligent act,auto,"matched via content overlap: negligent, rash"
bns_to_ipc,283,"Exhibition of false light, mark or buoy.",281,"Exhibition of a false light, mark or buoy",auto,"matched via content overlap: buoy, exhibition, false"
bns_to_ipc,284,Conveying person by water for hire in unsafe or overloaded vessel.,282,"Conveying for hire any person by water, in a vessel in such a state, or so loaded, as to endanger his life",auto,"matched via content overlap: convey, hire, vessel"
bns_to_ipc,285,Danger or obstruction in public way or line of navigation.,283,"Causing danger, obstruction or, injury in any public way or line of navigation",auto,matched via shared concepts: public-nuisance
bns_to_ipc,286,Negligent conduct with respect to poisonous substance.,284,"Dealing with any poisonous substance so as to endanger human life, etc.",auto,"matched via content overlap: poisonou, substance"
bns_to_ipc,287,Negligent conduct with respect to fire or combustible matter.,285,"Dealing with fire or any combustible matter so as to endanger human life, etc.",auto,"matched via content overlap: combustible, fire, matter"
bns_to_ipc,288,Negligent conduct with respect to explosive substance.,286,So dealing with any explosive substance,auto,"matched via content overlap: explosive, substance"
bns_to_ipc,289,Negligent conduct with respect to machinery.,287,So dealing with any machinery,auto,matched via content overlap: machinery
bns_to_ipc,290,"Negligent conduct with respect to pulling down, repairing or constructing buildings, etc.",288,A person omitting to guard against probable danger to human life by the fall of any building over which he has a right entitling him to pull it down or repair it,auto,"matched via content overlap: build, down, life"
bns_to_ipc,291,Negligent conduct with respect to animal.,326,Voluntarily causing grievous hurt by dangerous weapons or means,auto,matched via shared concepts: grievous-hurt
bns_to_ipc,292,Punishment for public nuisance in cases not otherwise provided for.,225a,"Omission to apprehend, or sufferance of escape on part of public servant, in cases not otherwise provided for, In case of intentional omission or sufferance",auto,"matched via content overlap: otherwise, provided"
bns_to_ipc,293,Continuance of nuisance after injunction to discontinue.,291,Committing a nuisance after injunction to discontinue,auto,matched via shared concepts: public-nuisance
bns_to_ipc,294,"Sale, etc., of obscene books, etc.",292,"Sale, etc., of obscene books, etc.",auto,matched via shared concepts: obscenity
bns_to_ipc,295,"Sale, etc., of obscene objects to child.",293,"Sale etc., of obscene objects to young persons",auto,matched via shared concepts: obscenity
bns_to_ipc,296,Obscene acts and songs.,292,"Sale, etc., of obscene books, etc.",auto,matched via shared concepts: obscenity
bns_to_ipc,297,Keeping lottery office.,294a,Keeping a lottery office,auto,"matched via content overlap: keep, lottery, office"
bns_to_ipc,298,Injuring or defiling place of worship with intent to insult religion of any class.,295,"Destroying, damaging or defiling a place of worship or sacred object with intent to insult the religion of any class of persons",auto,matched via shared concepts: offences-against-religion
bns_to_ipc,299,"Deliberate and malicious acts, intended to outrage religious feelings of any class by insulting its religion or religious beliefs.",295a,Maliciously insulting the religions or the religious beliefs of any class,auto,matched via shared concepts: offences-against-religion
bns_to_ipc,3,General explanations,6,Definitions in the Code to be understood subject to exceptions,manual,manual mapping: general explanations — IPC §6 (definitions read subject to General Exceptions)
bns_to_ipc,30,Act done in good faith for benefit of a person without consent.,314,Death caused by an act done with intent to cause miscarriage,auto,matched via content overlap: death
bns_to_ipc,300,Disturbing religious assembly.,296,Causing a disturbance to an assembly engaged in religious worship,auto,matched via shared concepts: offences-against-religion
bns_to_ipc,301,"Trespassing on burial places, etc.",297,"Trespassing in place of worship or sepulchre, disturbing funeral with intention to wound the feeling or to insult the religion of any person, or offering indignity to a human corpse",auto,matched via shared concepts: offences-against-religion
bns_to_ipc,302,"Uttering words, etc., with deliberate intent to wound religious feelings of any person.",298,"Uttering any word or making any sound in the hearing or making any gesture, or placing any object in the sight of any person, with intention to wound his religious feelings",auto,matched via shared concepts: offences-against-religion
bns_to_ipc,303,Theft,378,commit theft,auto,matched via shared concepts: theft
bns_to_ipc,304,Snatching,378,commit theft,auto,matched via shared concepts: theft
bns_to_ipc,305,"Theft in a dwelling house, or means of transportation or place of worship, etc.",381,Theft by clerk or servant of property in possession of master or employer,auto,matched via shared concepts: theft
bns_to_ipc,306,Theft by clerk or servant of property in possession of master.,381,Theft by clerk or servant of property in possession of master or employer,auto,matched via shared concepts: theft
bns_to_ipc,307,"Theft after preparation made for causing death, hurt or restraint in order to committing of theft.",382,"Theft, after preparation having been made for causing death, or hurt, or restraint or fear of death, or of hurt or of restraint, in order to the committing of such theft, or to retiring after committing it, or to retaining property taken by it",auto,matched via shared concepts: theft
bns_to_ipc,308,Extortion.,383,"Intentionally puts any person in fear of any injury to that person, or to any other",auto,matched via shared concepts: extortion
bns_to_ipc,309,Robbery,390,In all robbery there is either theft or extortion. When theft is robbery — Theft is “ro...,auto,matched via shared concepts: robbery
bns_to_ipc,310,Dacoity,391,commit “dacoity”,auto,"matched via shared concepts: dacoity, robbery"
bns_to_ipc,311,"Robbery, or dacoity, with attempt to cause death or grievous hurt.",397,"Robber or Dacoity, with attempt to cause death or grievous hurt",auto,"matched via shared concepts: dacoity, robbery"
bns_to_ipc,312,Attempt to commit robbery or dacoity when armed with deadly weapon.,398,Attempt to commit robbery or Dacoity when armed with deadly weapons,auto,"matched via shared concepts: dacoity, robbery"
bns_to_ipc,313,"Punishment for belonging to gang of robbers, etc.",400,Belonging to a gang of persons associated for the purpose of habitually committing Dacoity,auto,"matched via content overlap: belong, gang"
bns_to_ipc,314,Dishonest misappropriation of property.,403,"Dishonest misappropriation of movable property, or converting it to oneâ€™s own use",auto,"matched via content overlap: dishonest, misappropriation, movable"
bns_to_ipc,315,Dishonest misappropriation of property possessed by deceased person at the time of his death.,404,"Dishonest misappropriation of property, knowing that it was in possession of a deceased person at his death, and that it has not since been in the possession of any person legally entitled to it",auto,"matched via content overlap: death, deceased, dishonest"
bns_to_ipc,316,Criminal breach of trust.,406,Criminal breach of trust,auto,matched via shared concepts: criminal-breach-of-trust
bns_to_ipc,317,Stolen property.,414,"Assisting in concealment or disposal of stolen property, knowing it to be stolen",auto,matched via shared concepts: stolen-property
bns_to_ipc,318,Cheating,415,“cheat”,auto,matched via shared concepts: cheating
bns_to_ipc,319,Cheating by personation.,419,Cheating by personation,auto,matched via shared concepts: cheating
bns_to_ipc,32,Act to which a person is compelled by threats.,376a,Person committing an offence of rape and inflicting injury which causes death or causes the woman to be in a persistent vegetative state,auto,"matched via content overlap: death, state"
bns_to_ipc,320,Dishonest or fraudulent removal or concealment of property to prevent distribution among creditors.,421,"Fraudulent removal or concealment of property etc., to prevent distribution among creditors",auto,"matched via content overlap: among, concealment, creditor"
bns_to_ipc,321,Dishonestly or fraudulently preventing debt being available for creditors.,422,Fraudulently preventing from being made available for his creditors a debt or demand due to the offender,auto,"matched via content overlap: available, being, creditor"
bns_to_ipc,322,Dishonest or fraudulent execution of deed of transfer containing false statement of consideration.,423,Fraudulent execution of deed of transfer containing a false statement of consideration,auto,"matched via content overlap: consideration, contain, deed"
bns_to_ipc,323,Dishonest or fraudulent removal or concealment of property.,424,"Fraudulent removal or concealment of property of himself or any other person or assisting in the doing thereof, or dishonestly releasing any demand or claim to which he is entitled",auto,"matched via content overlap: claim, concealment, fraudulent"
bns_to_ipc,324,Mischief,425,"With intent to cause, or knowing that he is likely to cause, wrongful loss or damage to the public or to any person",auto,matched via shared concepts: mischief
bns_to_ipc,325,Mischief by killing or maiming animal.,428,"Mischief by killing, poisoning, maiming or rendering useless any animal of the value of 10 rupees or upwards",auto,matched via shared concepts: mischief
bns_to_ipc,326,"Mischief by injury, inundation, fire or explosive substance, etc.",436,Mischief by fire or explosive substance with intent to destroy house etc.,auto,matched via shared concepts: mischief
bns_to_ipc,327,"Mischief with intent to destroy or make unsafe a rail, aircraft, decked vessel or one of twenty tons burden.",437,Mischief with intent to destroy or make unsafe A decked vessel or a vessel of 20 tones burden,auto,matched via shared concepts: mischief
bns_to_ipc,328,"Punishment for intentionally running vessel aground or ashore with intent to commit theft, etc.",439,"Running vessel ashore with intent to commit theft, etc.",auto,matched via shared concepts: mischief
bns_to_ipc,329,Criminal trespass and house-trespass.,441,commit “criminal trespass”,auto,matched via shared concepts: criminal-trespass
bns_to_ipc,33,Act causing slight harm.,95,Act causing slight harm,manual,manual mapping: de minimis harm — IPC §95
bns_to_ipc,330,House-trespass and hous-ebreaking.,443,commit “lurking house-trespass”,auto,matched via shared concepts: criminal-trespass
bns_to_ipc,331,Punishment for house-trespass or house-breaking.,455,"Lurking house-trespass or house-breaking after preparation made for causing hurt, assault, etc.",auto,matched via shared concepts: criminal-trespass
bns_to_ipc,332,House-trespass in order to commit offence.,449,House-trespass in order to the commission of an offence punishable with death,auto,matched via shared concepts: criminal-trespass
bns_to_ipc,333,"House-trespass after preparation for hurt, assault or wrongful restraint.",455,"Lurking house-trespass or house-breaking after preparation made for causing hurt, assault, etc.",auto,matched via shared concepts: criminal-trespass
bns_to_ipc,334,Dishonestly breaking open receptacle containing property.,461,Dishonestly breaking Open or unfastening any closed receptacle containing or supposed to contain property,auto,matched via shared concepts: criminal-trespass
bns_to_ipc,335,Making a false document.,463,"Makes any false document or part of a document with intent to cause damage or injury, to the public or to any person",auto,matched via shared concepts: forgery
bns_to_ipc,336,Forgery,463,"Makes any false document or part of a document with intent to cause damage or injury, to the public or to any person",auto,matched via shared concepts: forgery
bns_to_ipc,337,"Forgery of record of Court or of public register, etc.",466,"Forgery of a record of a court of Justice or of a Registrar of Births, etc., kept by a public servant",auto,matched via shared concepts: forgery
bns_to_ipc,338,"Forgery of valuable security, will, etc.",467,"Forgery of a valuable security, will or authority to make or transfer any valuable security, or to receive any money, etc.",auto,matched via shared concepts: forgery
bns_to_ipc,339,"Having possession of document described in section 337 or section 338, knowing it to be forged and intending to use it as genuine.",474,"Having possession of a document, knowing it to be forged, with intent to use it as genuine; If the document is one of the description mentioned in section 466 of the Indian Penal Code",auto,matched via shared concepts: forgery
bns_to_ipc,34,Things done in private defence.,97,Right of private defence of the body and of property,manual,manual mapping: private defence — IPC §97
bns_to_ipc,340,Forged document or electronic record and using it as genuine.,470,A false document made wholly or in part by forgery is designated ?a forged document?.,auto,matched via shared concepts: forgery
bns_to_ipc,341,"Making or possessing counterfeit seal, etc., with intent to commit forgery punishable under section 338.",472,"Making or counterfeiting a seal, plate, etc., with intent to commit a forgery punishable under section 467 of the Indian Penal Code, or possessing with like intent any such seal, plate, etc. knowing the same to be counterfeit",auto,matched via shared concepts: forgery
bns_to_ipc,342,"Counterfeiting device or mark used for authenticating documents described in section 338, or possessing counterfeit marked material.",475,"Counterfeiting a device or mark used for authenticating documents described in section 467 of the Indian Penal Code, or possessing counterfeit marked material",auto,matched via shared concepts: forgery
bns_to_ipc,343,"Fraudulent cancellation, destruction, etc., of will, authority to adopt, or valuable security.",467,"Forgery of a valuable security, will or authority to make or transfer any valuable security, or to receive any money, etc.",auto,matched via shared concepts: forgery
bns_to_ipc,344,Falsification of accounts.,477a,Falsification of accounts,auto,matched via shared concepts: forgery
bns_to_ipc,345,Property mark.,481,use a false property mark,auto,matched via shared concepts: property-mark
bns_to_ipc,346,Tampering with property mark with intent to cause injury.,489,Removing destroying or defacing property mark with intent to cause injury,auto,matched via shared concepts: property-mark
bns_to_ipc,347,Counterfeiting a property mark.,484,"Counterfeiting a property mark used by a public servant, or any mark used by him to denote the manufacture, quality, etc., of any property",auto,matched via shared concepts: property-mark
bns_to_ipc,348,Making or possession of any instrument for counterfeiting a property mark.,485,"Fraudulently making or having possession of any die, plate or other instrument for counterfeiting any public or private property mark",auto,matched via shared concepts: property-mark
bns_to_ipc,349,Selling goods marked with a counterfeit property mark.,486,Knowingly selling goods marked with a counterfeit property mark,auto,matched via shared concepts: property-mark
bns_to_ipc,35,Right of private defence of body and of property.,166b,"anyone overseeing a hospital, whether public or private, and breaching the provisions of Section 357C of the Code of Criminal Procedure.",auto,matched via content overlap: private
bns_to_ipc,350,Making a false mark upon any receptacle containing goods.,487,"Fraudulently marking a false mark upon any package or receptacle containing goods, with intent to cause it to be believed that it contains goods which it does not contain, etc.",auto,matched via shared concepts: property-mark
bns_to_ipc,351,Criminal intimidation.,506,Criminal intimidation,auto,matched via shared concepts: criminal-intimidation
bns_to_ipc,352,Intentional insult with intent to provoke breach of peace.,504,Insult intended to provoke breach of the peace,auto,matched via shared concepts: criminal-intimidation
bns_to_ipc,353,Statements conducing to public mischief.,153a,Promoting enmity between classes,auto,matched via shared concepts: promoting-enmity
bns_to_ipc,354,Act caused by inducing person to believe that he will be rendered an object of Divine displeasure.,508,Act caused by inducing a person to believe that he will be rendered an object of Divine displeasure,auto,"matched via content overlap: displeasure, divine, induc"
bns_to_ipc,355,Misconduct in public by a drunken person.,510,"Appearing in a public Place, etc., in a State of intoxication, and causing annoyance to any person",auto,"matched via content overlap: annoyance, intoxication"
bns_to_ipc,356,Defamation,499,"By words either spoken or intended to be read, or by signs or by visible representations",auto,matched via shared concepts: defamation
bns_to_ipc,357,Breach of contract to attend on and supply wants of helpless person.,491,"Being bound to attend on or supply the wants of a person who is helpless from youth, unsoundness of mind or disease, and voluntarily omitting to do so",auto,"matched via content overlap: attend, helples, mind"
bns_to_ipc,358,Repeal and savings.,511,"Attempting to commit offences punishable with imprisonment for life, or imprisonment, and in such attempt doing any act towards the commission of the offence",manual,manual mapping: repeals IPC; savings preserve pending proceedings
bns_to_ipc,36,"Right of private defence against act of a person of unsound mind, etc.",288,A person omitting to guard against probable danger to human life by the fall of any building over which he has a right entitling him to pull it down or repair it,auto,"matched via content overlap: against, right"
bns_to_ipc,37,Acts against which there is no right of private defence.,288,A person omitting to guard against probable danger to human life by the fall of any building over which he has a right entitling him to pull it down or repair it,auto,"matched via content overlap: against, right"
bns_to_ipc,38,When right of private defence of body extends to causing death.,299,Causes death by doing an act with the intention of causing death,auto,matched via content overlap: death
bns_to_ipc,4,Punishments,53,Punishment for abetment of offences punishable under section 161 or section 165,manual,manual correction: Punishments -> IPC §53 Punishments
bns_to_ipc,40,Commencement and continuance of right of private defence of body.,166b,"anyone overseeing a hospital, whether public or private, and breaching the provisions of Section 357C of the Code of Criminal Procedure.",auto,matched via content overlap: private
bns_to_ipc,41,When right of private defence of property extends to causing death.,382,"Theft, after preparation having been made for causing death, or hurt, or restraint or fear of death, or of hurt or of restraint, in order to the committing of such theft, or to retiring after committing it, or to retaining property taken by it",auto,"matched via content overlap: death, property"
bns_to_ipc,43,Commencement and continuance of right of private defence of property.,420,"Cheating and there by dishonestly inducing delivery of property, or the making, alteration or destruction of a valuable security",auto,matched via content overlap: property
bns_to_ipc,44,Right of private defence against deadly assault when there is risk of harm to innocent person.,288,A person omitting to guard against probable danger to human life by the fall of any building over which he has a right entitling him to pull it down or repair it,auto,"matched via content overlap: against, right"
bns_to_ipc,45,Abetment of a thing.,107,Electronic record,manual,manual correction: Abetment of a thing -> IPC §107
bns_to_ipc,46,Abettor.,108,"Makes any false document or part of a document with intent to cause damage or injury, to the public or to any person",manual,manual correction: Abettor -> IPC §108
bns_to_ipc,47,Abetment in India of offences outside India.,108a,Abetment in India of offences outside India,manual,manual mapping: abetment of offence outside India — IPC §108A
bns_to_ipc,48,Abetment outside India for offence in India.,138,"Abetment of act of insubordination by an officer, soldier, sailor or airman, if the offence be committed in consequence",auto,matched via content overlap: abetment
bns_to_ipc,49,Punishment of abetment if act abetted is committed in consequence and where no express provision is made for its punishment.,138,"Abetment of act of insubordination by an officer, soldier, sailor or airman, if the offence be committed in consequence",auto,"matched via content overlap: abetment, consequence"
bns_to_ipc,5,Commutation of sentence,54,Electronic record,manual,manual correction: Commutation of sentence -> IPC §54
bns_to_ipc,50,Punishment of abetment if person abetted does act with different intention from that of abettor.,496,A person with fraudulent intention going through the ceremony of being married knowing that he is not thereby lawfully married,auto,matched via content overlap: that
bns_to_ipc,51,Liability of abettor when one act abetted and different act done.,138,"Abetment of act of insubordination by an officer, soldier, sailor or airman, if the offence be committed in consequence",auto,"matched via content overlap: abetment, consequence"
bns_to_ipc,53,Liability of abettor for an effect caused by act abetted different from that intended by abettor.,508,Act caused by inducing a person to believe that he will be rendered an object of Divine displeasure,auto,matched via content overlap: that
bns_to_ipc,54,Abettor present when offence is committed.,138,"Abetment of act of insubordination by an officer, soldier, sailor or airman, if the offence be committed in consequence",auto,matched via content overlap: abetment
bns_to_ipc,55,Abetment of offence punishable with death or imprisonment for life.,388,"Extortion by threat of accusation of an offence punishable with death, imprisonment for life, or imprisonment for 10 Years.",auto,"matched via content overlap: death, imprisonment, life"
bns_to_ipc,56,Abetment of offence punishable with imprisonment.,388,"Extortion by threat of accusation of an offence punishable with death, imprisonment for life, or imprisonment for 10 Years.",auto,matched via content overlap: imprisonment
bns_to_ipc,57,Abetting commission of offence by public or by more than ten persons.,306,Abetting the Commission of suicide,auto,matched via content overlap: abett
bns_to_ipc,58,Concealing design to commit offence punishable with death or imprisonment for life.,389,"Putting a person in fear of accusation of an offence punishable with death, imprisonment for life, or imprisonment for 10 Years in order to commit extortion.",auto,"matched via content overlap: death, imprisonment, life"
bns_to_ipc,59,Public servant concealing design to commit offence which it is his duty to prevent.,332,Voluntarily causing hurt to deter public servant from his duty,auto,"matched via content overlap: duty, servant"
bns_to_ipc,6,Fractions of terms of punishment.,57,Giving or fabricating false evidence with intent to procure conviction of an offence punishable with imprisonment for life or with imprisonment for 7 Years or upwards,manual,manual correction: Fractions of terms of punishment -> IPC §57
bns_to_ipc,60,Concealing design to commit offence punishable with imprisonment.,389,"Putting a person in fear of accusation of an offence punishable with death, imprisonment for life, or imprisonment for 10 Years in order to commit extortion.",auto,matched via content overlap: imprisonment
bns_to_ipc,61,Criminal conspiracy.,441,commit “criminal trespass”,auto,matched via content overlap: criminal
bns_to_ipc,62,Punishment for attempting to commit offences punishable with imprisonment for life or other imprisonment.,511,"Attempting to commit offences punishable with imprisonment for life, or imprisonment, and in such attempt doing any act towards the commission of the offence",auto,"matched via content overlap: attempt, imprisonment, life"
bns_to_ipc,63,Rape.,375,"A man is said to commit “rape” if he— penetrates his penis, to any extent, into the vag...",auto,matched via shared concepts: rape
bns_to_ipc,64,Punishment for rape.,376,Rape,auto,matched via shared concepts: rape
bns_to_ipc,66,Punishment for causing death or resulting in persistent vegetative state of victim,376a,Person committing an offence of rape and inflicting injury which causes death or causes the woman to be in a persistent vegetative state,auto,"matched via content overlap: death, persistent, rape"
bns_to_ipc,67,Sexual intercourse by husband upon his wife during separation.,376b,Sexual intercourse by husband upon his wife during separation,auto,"matched via content overlap: dur, husband, intercourse"
bns_to_ipc,68,Sexual intercourse by a person in authority.,376c,Sexual intercourse by a person in authority,auto,"matched via content overlap: authority, intercourse, sexual"
bns_to_ipc,69,"Sexual intercourse by employing deceitful means, etc.",376c,Sexual intercourse by a person in authority,auto,"matched via content overlap: intercourse, sexual"
bns_to_ipc,7,Sentence may be (in certain cases of imprisonment) wholly or partly rigorous or simple,222,"Intentional omission to apprehend on the part of A public servant bound by law to apprehend person under sentence of a court of Justice, If under sentence of death",auto,"matched via content overlap: court, sentence"
bns_to_ipc,70,Gang rape.,376d,Gang rape,auto,matched via shared concepts: rape
bns_to_ipc,71,Punishment for repeat offenders.,376e,Repeat offenders,auto,matched via shared concepts: rape
bns_to_ipc,72,"Disclosure of identity of victim of certain offences, etc.",228a,"Disclosure of identity of the victim of certain offences, etc.",auto,"matched via content overlap: disclosure, identity, victim"
bns_to_ipc,74,Assault or use of criminal force to woman with intent to outrage her modesty.,354,Assault or use of criminal force to woman with intent to outrage her modesty,auto,"matched via content overlap: assault, criminal, force"
bns_to_ipc,75,Sexual harassment.,354a,Sexual harassment of the nature of unwelcome physical contact and advances or a demand or request for sexual favours or showing pornography,auto,"matched via content overlap: harassment, sexual"
bns_to_ipc,76,Assault or use of criminal force to woman with intent to disrobe.,354b,Criminal force to woman with intent to disrobe,auto,"matched via content overlap: assault, criminal, disrobe"
bns_to_ipc,77,Voyeurism.,354c,Causing miscarriage without womanâ€™s consent,manual,manual correction: Voyeurism -> IPC §354C
bns_to_ipc,78,Stalking,354d,Stalking,auto,matched via content overlap: stalk
bns_to_ipc,79,"Word, gesture or act intended to insult modesty of a woman.",509,"Uttering any word or making any gesture intended to insult the modesty of a woman, etc.",auto,"matched via content overlap: gesture, insult, intended"
bns_to_ipc,8,"Amount of fine, liability in default of payment of fine, etc.",427,"Mischief, and thereby causing damage to the amount of 50 rupees or upwards",auto,matched via content overlap: amount
bns_to_ipc,80,Dowry death.,304b,Dowry death,auto,"matched via content overlap: death, dowry"
bns_to_ipc,81,Cohabitation caused by man deceitfully inducing belief of lawful marriage.,493,A man by deceit causing a woman not lawfully married to him to believe that she is lawfully married to him and to cohabit with him in that belief,auto,matched via content overlap: deceit
bns_to_ipc,82,Marrying again during lifetime of husband or wife.,494,Marrying again during the life-time of a husband or wife,auto,"matched via content overlap: again, dur, husband"
bns_to_ipc,83,Marriage ceremony fraudulently gone through without lawful marriage.,496,A person with fraudulent intention going through the ceremony of being married knowing that he is not thereby lawfully married,auto,"matched via content overlap: ceremony, going, through"
bns_to_ipc,84,Enticing or taking away or detaining with criminal intent a married woman.,498,Enticing or taking away or detaining with a criminal intent a married woman,auto,"matched via content overlap: away, criminal, detain"
bns_to_ipc,85,Husband or relative of husband of a woman subjecting her to cruelty.,498a,Punishment for subjecting a married woman to Cruelty,auto,"matched via content overlap: cruelty, subject, woman"
bns_to_ipc,86,Cruelty defined.,498a,Electronic record,manual,manual correction: Cruelty defined -> IPC §498A
bns_to_ipc,87,"Kidnapping, abducting or inducing woman to compel her marriage, etc.",366,Kidnapping or abducting a woman to compel her marriage or to cause her defilement etc.,auto,"matched via content overlap: abduct, compel, kidnapp"
bns_to_ipc,88,Causing miscarriage.,312,Causing miscarriage,auto,matched via shared concepts: miscarriage
bns_to_ipc,89,Causing miscarriage without woman's consent.,313,Causing miscarriage without womanâ€™s consent,auto,"matched via content overlap: consent, miscarriage, without"
bns_to_ipc,90,Death caused by act done with intent to cause miscarriage.,314,Death caused by an act done with intent to cause miscarriage,auto,"matched via content overlap: death, miscarriage"
bns_to_ipc,91,Act done with intent to prevent child being born alive or to cause to die after birth.,315,"Act done with intent to prevent a child being born alive, or to cause it to die after its birth",auto,"matched via content overlap: after, alive, being"
bns_to_ipc,92,Causing death of quick unborn child by act amounting to culpable homicide.,316,Causing death of a quick unborn child by an act amounting to culpable homicide,auto,"matched via content overlap: amount, child, culpable"
bns_to_ipc,93,"Exposure and abandonment of child under twelve years of age, by parent or person having care of it",317,Exposure of a child under 12 Years of age by parent or person having care of it with intention of wholly abandoning it,auto,"matched via content overlap: care, child, exposure"
bns_to_ipc,94,Concealment of birth by secret disposal of dead body.,318,Concealment of birth by secret disposal of dead body,auto,"matched via content overlap: birth, body, concealment"
bns_to_ipc,96,Procuration of child.,366a,Procuration of minor girl,auto,matched via content overlap: procuration
bns_to_ipc,97,Kidnapping or abducting child under ten years of age with intent to steal from its person,369,Kidnapping or abducting a child with intent to take property from the person of such child,auto,"matched via content overlap: abduct, child, from"
bns_to_ipc,98,"Selling child for purposes of prostitution, etc.",372,"Selling or letting to hire a minor for purposes of prostitution, etc.",auto,"matched via content overlap: prostitution, purpos, sell"
bns_to_ipc,99,"Buying child for purposes of prostitution, etc",372,"Selling or letting to hire a minor for purposes of prostitution, etc.",auto,"matched via content overlap: prostitution, purpos"
ipc_to_bns,128,Force.,1,"The Indian Penal Code has been extended to Berar by the Berar L aws Act, 1941 (4 of 1941) and has been declared in force",auto,matched via content overlap: force
ipc_to_bns,2,Definitions,10,"\""Man\"". \""Woman\""",manual,manual mapping: IPC definition (man/woman) → BNS §2 Definitions
ipc_to_bns,38,When right of private defence of body extends to causing death.,100,When the right of private defence of the body extends to causing death,auto,"matched via content overlap: body, death, defence"
ipc_to_bns,39,When such right extends to causing any harm other than death.,101,When such right extends to causing any harm other than death,auto,"matched via content overlap: death, harm, right"
ipc_to_bns,40,Commencement and continuance of right of private defence of body.,102,Commencement and continuance of the right of private defence of the body,auto,"matched via content overlap: body, continuance, defence"
ipc_to_bns,38,When right of private defence of body extends to causing death.,103,When the right of private defence of property extends to causing death,auto,"matched via content overlap: death, defence, private"
ipc_to_bns,39,When such right extends to causing any harm other than death.,104,When such right extends to causing any harm other than death,auto,"matched via content overlap: death, harm, right"
ipc_to_bns,43,Commencement and continuance of right of private defence of property.,105,Commencement and continuance of the right of private defence of property,auto,"matched via content overlap: continuance, defence, private"
ipc_to_bns,44,Right of private defence against deadly assault when there is risk of harm to innocent person.,106,Right of private defence against deadly assault when there is risk of harm t o innocent,auto,"matched via content overlap: against, assault, deadly"
ipc_to_bns,45,Abetment of a thing.,107,Abetment of a thing,manual,manual correction: Abetment of a thing -> BNS §45
ipc_to_bns,46,Abettor.,108,Abettor,manual,manual correction: Abettor -> BNS §46
ipc_to_bns,47,Abetment in India of offences outside India.,108a,Abetment in India of offences outside India,auto,"matched via content overlap: abetment, india, outside"
ipc_to_bns,49,Punishment of abetment if act abetted is committed in consequence and where no express provision is made for its punishment.,109,Punishment of abetment if the act abetted is committed in consequence and where no,auto,"matched via content overlap: abetment, abetted, consequence"
ipc_to_bns,50,Punishment of abetment if person abetted does act with different intention from that of abettor.,110,Punishment of abetment if person abetted does act with different intentio n from that of,auto,"matched via content overlap: abetment, abetted, different"
ipc_to_bns,51,Liability of abettor when one act abetted and different act done.,111,Liability of abettor when one act abetted and different act done,auto,"matched via content overlap: abetted, abettor, different"
ipc_to_bns,52,Abettor when liable to cumulative punishment for act abetted and for act done,112,Abettor when liable to cumulative punishment for act abetted and for act done,auto,"matched via content overlap: abetted, abettor, cumulative"
ipc_to_bns,53,Liability of abettor for an effect caused by act abetted different from that intended by abettor.,113,Liability of abettor for an effect caused by the act abetted different fro m that intended by,auto,"matched via content overlap: abetted, abettor, different"
ipc_to_bns,54,Abettor present when offence is committed.,114,Abettor present when offence is committed,auto,"matched via content overlap: abettor, present, when"
ipc_to_bns,55,Abetment of offence punishable with death or imprisonment for life.,115,Abetment of offence punishable with death or imprisonment for life,auto,"matched via content overlap: abetment, death, imprisonment"
ipc_to_bns,56,Abetment of offence punishable with imprisonment.,116,Abetment of offence punishable with imprisonment,auto,"matched via content overlap: abetment, imprisonment"
ipc_to_bns,57,Abetting commission of offence by public or by more than ten persons.,117,Abetting commission of offence by the public or by more than ten persons,auto,"matched via content overlap: abett, more, than"
ipc_to_bns,58,Concealing design to commit offence punishable with death or imprisonment for life.,118,Concealing design to commit offence punishable with death or imprisonment for life,auto,"matched via content overlap: conceal, death, design"
ipc_to_bns,59,Public servant concealing design to commit offence which it is his duty to prevent.,119,Public servant concealing design to commit offence which it is his duty to prevent,auto,"matched via content overlap: conceal, design, duty"
ipc_to_bns,60,Concealing design to commit offence punishable with imprisonment.,120,Concealing design to commit offence punishable with imprisonment,auto,"matched via content overlap: conceal, design, imprisonment"
ipc_to_bns,61,Criminal conspiracy.,120a,Definition of criminal conspiracy,auto,"matched via content overlap: conspiracy, criminal"
ipc_to_bns,131,Punishment for assault or criminal force otherwise than on grave provocation.,120b,Punishment of criminal conspiracy,auto,matched via content overlap: criminal
ipc_to_bns,148,Conspiracy to commit offences punishable by section 147.,121a,Conspiring to commit certain offences against the State,auto,matched via shared concepts: waging-war
ipc_to_bns,149,"Collecting arms, etc., with intention of waging war against Government of India.",122,"Collecting arms, etc., with The intention of waging War against the Government of India",auto,matched via shared concepts: waging-war
ipc_to_bns,150,Concealing with intent to facilitate design to wage war.,123,Concealing with intent to facilitate a design to wage War,auto,matched via shared concepts: waging-war
ipc_to_bns,151,"Assaulting President, Governor, etc., with intent to compel or restrain exercise of any lawful power.",124,"Assaulting President, Governor, etc., with intent to compel or restrain the exercise of any lawful power",auto,"matched via content overlap: assault, compel, exercise"
ipc_to_bns,196,"Promoting enmity between different groups on grounds of religion, race, place of birth, residence, language, etc., and doing acts prejudicial to maintenance of harmony",124a,Sedition,manual,manual mapping: sedition → promoting enmity (no direct BNS sedition offence)
ipc_to_bns,153,Waging war against Government of any foreign State at peace with Government of India.,125,"Waging war against any Asiatic power in alliance or at peace with the Government of India, or abetting the waging of such war",auto,matched via shared concepts: waging-war
ipc_to_bns,154,Committing depredation on territories of foreign State at peace with Government of India.,126,Committing depredation On the territories of any power in alliance or at peace with the Government of India,auto,matched via shared concepts: waging-war
ipc_to_bns,155,Receiving property taken by war or depredation mentioned in sections 153 and 154.,127,Receiving property taken by war or depredation mentioned in sections 125 And 126,auto,"matched via content overlap: depredation, mentioned, property"
ipc_to_bns,156,Public servant voluntarily allowing prisoner of State or war to escape.,128,Public servant voluntarily allowing prisoner of State or war in his custody to escape,auto,"matched via content overlap: allow, escape, prisoner"
ipc_to_bns,157,Public servant negligently suffering such prisoner to escape.,129,Public servant negligently suffering prisoner of State or war in his custody to escape,auto,"matched via content overlap: escape, negligently, prisoner"
ipc_to_bns,158,"Aiding escape of, rescuing or harbouring such prisoner.",130,"Aiding escape of, rescuing or harbouring, such prisoner, or offering Any resistance to the recapture of such prisoner",auto,"matched via content overlap: aid, escape, harbour"
ipc_to_bns,159,"Abetting mutiny, or attempting to seduce a soldier, sailor or airman from his duty.",131,"Abetting mutiny, or attempting to seduce an officer, soldier sailor or airman from his allegiance or duty",auto,matched via shared concepts: mutiny
ipc_to_bns,160,"Abetment of mutiny, if mutiny is committed in consequence thereof.",132,"Abetment of mutiny, if mutiny is committed in consequence thereof",auto,matched via shared concepts: mutiny
ipc_to_bns,161,"Abetment of assault by soldier, sailor or airman on his superior officer, when in execution of his office.",133,"Abetment of assault by an officer, soldier, sailor or airman on his superior officer, when in the execution of his office",auto,"matched via content overlap: abetment, airman, assault"
ipc_to_bns,162,"Abetment of such assault, if assault committed",134,"Abetment of such assault, if the assault is committed",auto,"matched via content overlap: abetment, assault, where"
ipc_to_bns,163,"Abetment of desertion of soldier, sailor or airman.",135,"Abetment of the desertion of an officer, soldier, sailor or airman",auto,matched via shared concepts: desertion
ipc_to_bns,163,"Abetment of desertion of soldier, sailor or airman.",136,"Harbouring such an officer, soldier, sailor or airman who has deserted",auto,matched via shared concepts: desertion
ipc_to_bns,165,Deserter concealed on board merchant vessel through negligence of master.,137,"Deserter concealed on board merchant vessel, through negligence of master or person in charge thereof",auto,matched via shared concepts: desertion
ipc_to_bns,166,"Abetment of act of insubordination by soldier, sailor or airman.",138,"Abetment of act of insubordination by an officer, soldier, sailor or airman, if the offence be committed in consequence",auto,"matched via content overlap: abetment, airman, insubordination"
ipc_to_bns,178,"Counterfeiting coin, Government stamps, currency-notes or bank-notes.",14,“Servant of Government”,auto,matched via content overlap: government
ipc_to_bns,168,"Wearing garb or carrying token used by soldier, sailor or airman.",140,"Wearing the dress or carrying any token used by a soldier, sailor or airman with intent that it may be believed that he is such a soldier, sailor or airman",auto,"matched via content overlap: airman, carry, member"
ipc_to_bns,190,Every member of unlawful assembly guilty of offence committed in prosecution of common object.,145,"Joining or continuing in an unlawful assembly, Knowing that it has been commanded to disperse",auto,matched via shared concepts: unlawful-assembly
ipc_to_bns,191,Rioting.,146,Rioting,auto,"matched via shared concepts: rioting, unlawful-assembly"
ipc_to_bns,192,Wantonly giving provocation with intent to cause riot-if rioting be committed; if not committed.,147,Rioting,auto,matched via shared concepts: rioting
ipc_to_bns,312,Attempt to commit robbery or dacoity when armed with deadly weapon.,148,Rioting armed with deadly Weapon,auto,"matched via content overlap: armed, deadly, weapon"
ipc_to_bns,190,Every member of unlawful assembly guilty of offence committed in prosecution of common object.,149,"If an offence be committed by any member of an unlawful assembly, every other member of such assembly shall be guilty of the offence",auto,matched via shared concepts: unlawful-assembly
ipc_to_bns,2,Definitions,15,[Definition of “British India”.] Rep. by the A. O. 1937.,manual,manual mapping: IPC §15 repealed — nearest BNS definitions hub
ipc_to_bns,95,"Hiring, employing or engaging a child to commit an offence.",150,"Hiring, engaging or employing persons to Take part in an unlawful assembly",auto,"matched via content overlap: employ, engag, hir"
ipc_to_bns,190,Every member of unlawful assembly guilty of offence committed in prosecution of common object.,151,Knowingly joining or continuing in any assembly of five or more Persons after it has been commanded to disperse,auto,matched via shared concepts: unlawful-assembly
ipc_to_bns,195,"Assaulting or obstructing public servant when suppressing riot, etc",152,"Assaulting or obstructing public servant when suppressing riot, etc.",auto,"matched via content overlap: assault, obstruct, riot"
ipc_to_bns,192,Wantonly giving provocation with intent to cause riot-if rioting be committed; if not committed.,153,"Wantonly giving provocation with intent to cause riot, If rioting be committed",auto,"matched via content overlap: provocation, riot, wantonly"
ipc_to_bns,196,"Promoting enmity between different groups on grounds of religion, race, place of birth, residence, language, etc., and doing acts prejudicial to maintenance of harmony",153a,Promoting enmity between classes,auto,matched via shared concepts: promoting-enmity
ipc_to_bns,196,"Promoting enmity between different groups on grounds of religion, race, place of birth, residence, language, etc., and doing acts prejudicial to maintenance of harmony",153aa,Promoting enmity between classes,auto,matched via shared concepts: promoting-enmity
ipc_to_bns,197,"Imputations, assertions prejudicial to national integration.",153b,"Imputations, assertions prejudicial to national integration",auto,matched via shared concepts: promoting-enmity
ipc_to_bns,193,"Liability of owner, occupier, etc., of land on which an unlawful assembly or riot takes place.",154,"Owner or occupier of land non giving information of riot, etc.",auto,"matched via content overlap: land, occupier, owner"
ipc_to_bns,193,"Liability of owner, occupier, etc., of land on which an unlawful assembly or riot takes place.",155,Person for whose benefit or on whose behalf a riot takes place not using all lawful means to prevent it,auto,"matched via content overlap: place, prevent, riot"
ipc_to_bns,193,"Liability of owner, occupier, etc., of land on which an unlawful assembly or riot takes place.",156,Agent of owner or occupier for whose benefit a riot is committed not using all lawful means to prevent it,auto,"matched via content overlap: agent, occupier, owner"
ipc_to_bns,190,Every member of unlawful assembly guilty of offence committed in prosecution of common object.,157,Harbouring persons hired for an unlawful assembly,auto,"matched via content overlap: assembly, unlawful"
ipc_to_bns,193,"Liability of owner, occupier, etc., of land on which an unlawful assembly or riot takes place.",158,Being hired to take part in an unlawful assembly or riot,auto,"matched via content overlap: assembly, riot, unlawful"
ipc_to_bns,222,Omission to assist public servant when bound by law to give assistance.,159,Engaging in a public fight and disturbing peace is committing an affray with two or more individuals.,auto,matched via shared concepts: affray
ipc_to_bns,178,"Counterfeiting coin, Government stamps, currency-notes or bank-notes.",16,"[Definition of “Government of India”.] Rep., ibid.",auto,matched via content overlap: government
ipc_to_bns,222,Omission to assist public servant when bound by law to give assistance.,160,Committing affray,auto,matched via shared concepts: affray
ipc_to_bns,91,Act done with intent to prevent child being born alive or to cause to die after birth.,161,"Being or expecting to be a public servant, and taking A gratification other than Legal remuneration in respect of an official act",auto,"matched via content overlap: being, than"
ipc_to_bns,223,Disobedience to order duly promulgated by public servant.,162,"Taking a gratification in order, by corrupt or illegal means, to influence a public servant",auto,matched via content overlap: servant
ipc_to_bns,218,Resistance to taking of property by lawful authority of a public servant.,163,Taking a gratification for the exercise of personal influence with a public servant,auto,"matched via content overlap: servant, tak"
ipc_to_bns,59,Public servant concealing design to commit offence which it is his duty to prevent.,164,Abetment by public servant of the offences defined in the last two preceding clauses with reference to himself,auto,"matched via content overlap: abetment, servant"
ipc_to_bns,198,"Public servant disobeying law, with intent to cause injury to any person.",165,"Public servant obtaining any valuable thing, without consideration, From a person concerned in any proceeding or business transacted by Such public servant",auto,matched via content overlap: servant
ipc_to_bns,198,"Public servant disobeying law, with intent to cause injury to any person.",166,Public servant disobeying a direction of the law with intent to cause injury to any person,auto,"matched via content overlap: disobey, injury, servant"
ipc_to_bns,199,Public servant disobeying direction under law,166a,Public servant disobeying direction under law,auto,"matched via content overlap: direction, disobey, servant"
ipc_to_bns,35,Right of private defence of body and of property.,166b,"anyone overseeing a hospital, whether public or private, and breaching the provisions of Section 357C of the Code of Criminal Procedure.",auto,matched via content overlap: private
ipc_to_bns,201,Public servant framing an incorrect document with intent to cause injury.,167,Public servant framing an incorrect document with intent to cause injury,auto,"matched via content overlap: document, fram, incorrect"
ipc_to_bns,202,Public servant unlawfully engaging in trade.,168,Public servant unlawfully engaging in trade,auto,"matched via content overlap: engag, servant, trade"
ipc_to_bns,203,Public servant unlawfully buying or bidding for property.,169,Public servant unlawfully buying or bidding for property,auto,"matched via content overlap: bidd, buy, property"
ipc_to_bns,178,"Counterfeiting coin, Government stamps, currency-notes or bank-notes.",17,Government”,auto,matched via content overlap: government
ipc_to_bns,204,Personating a public servant.,170,Personating a Public servant,auto,"matched via content overlap: personat, servant"
ipc_to_bns,339,"Having possession of document described in section 337 or section 338, knowing it to be forged and intending to use it as genuine.",171,As described,auto,matched via content overlap: described
ipc_to_bns,169,"Candidate, electoral right defined.",171a,"\""Candidate\"", \""Electoral right\"" defined",auto,matched via shared concepts: electoral-right
ipc_to_bns,169,"Candidate, electoral right defined.",171b,Whoever: gives a gratification to any person with the object of inducing him or any oth...,auto,matched via shared concepts: electoral-right
ipc_to_bns,169,"Candidate, electoral right defined.",171c,"Threatens any candidate or voter, or any person in whom a candidate or voter is interested, with injury of any kind",auto,matched via shared concepts: electoral-right
ipc_to_bns,169,"Candidate, electoral right defined.",171d,"At an election applies for a voting paper on votes in the name of any other person, whether living or dead",auto,matched via shared concepts: electoral-right
ipc_to_bns,173,Punishment for bribery.,171e,Bribery,auto,"matched via content overlap: bribery, electoral"
ipc_to_bns,171,Undue influence at elections.,171f,Undue influence at an election,auto,matched via shared concepts: electoral-right
ipc_to_bns,175,False statement in connection with an election.,171g,False statement in connection with an election,auto,"matched via content overlap: connection, election, false"
ipc_to_bns,176,Illegal payments in connection with an election.,171h,Illegal payments in connection with elections,auto,"matched via content overlap: connection, election, illegal"
ipc_to_bns,177,Failure to keep election accounts.,171i,Failure to keep election accounts,auto,"matched via content overlap: account, election, failure"
ipc_to_bns,206,Absconding to avoid service of summons or other proceeding.,172,Absconding to avoid service of summons or other proceeding from a public servant,auto,"matched via content overlap: abscond, avoid, proceed"
ipc_to_bns,207,"Preventing service of summons or other proceeding, or preventing publication thereof.",173,"Preventing the service or The affixing of any summons of notice, or the removal of it when it has been affixed, or preventing a reclamation",auto,"matched via content overlap: prevent, service, summon"
ipc_to_bns,68,Sexual intercourse by a person in authority.,174,"Not obeying a legal order to attend at a certain place in person or by agent, or departing therefrom without authority",auto,matched via content overlap: authority
ipc_to_bns,199,Public servant disobeying direction under law,174a,Failure to appear at specified place and specified time as required by a proclamation published under Sub-Section 1 of section 82 of this Code,auto,"matched via content overlap: failure, specified"
ipc_to_bns,210,Omission to produce document or electronic record to public servant by person legally bound to produce it,175,Intentionally omitting to produce a document to a public servant by a person legally bound to produce deliver such document,auto,"matched via content overlap: bound, document, legally"
ipc_to_bns,211,Omission to give notice or information to public servant by person legally bound to give it.,176,Intentionally omitting to Give notice or information to a public servant by a person legally bound to Give such notice or information,auto,"matched via content overlap: bound, information, legally"
ipc_to_bns,212,Furnishing false information.,177,Knowingly furnishing false information to a public servant,auto,"matched via content overlap: false, furnish, information"
ipc_to_bns,213,Refusing oath or affirmation when duly required by public servant to make it.,178,Refusing oath when duly required to take oath by a public servant,auto,"matched via content overlap: duly, oath, refus"
ipc_to_bns,214,Refusing to answer public servant authorised to question.,179,"Being legally bound to state truth, and refusing to answer questions",auto,"matched via content overlap: answer, question, refus"
ipc_to_bns,137,Kidnapping.,18,“India”,auto,matched via content overlap: india
ipc_to_bns,215,Refusing to sign statement.,180,Refusing to sign statement made to a public servant when legally required to do so,auto,"matched via content overlap: refus, required, servant"
ipc_to_bns,216,False statement on oath or affirmation to public servant or person authorised to administer an oath or affirmation.,181,"Knowingly stating to a public servant, on oath as True that which is false",auto,"matched via content overlap: false, oath, servant"
ipc_to_bns,217,"False information, with intent to cause public servant to use his lawful power to injury of another person.",182,Giving false information to a public servant in order to cause him to use his lawful power to the injury or annoyance of any person,auto,"matched via content overlap: false, information, injury"
ipc_to_bns,218,Resistance to taking of property by lawful authority of a public servant.,183,Resistance to the taking of property by the lawful authority of a public servant,auto,"matched via content overlap: authority, lawful, property"
ipc_to_bns,219,Obstructing sale of property offered for sale by authority of public servant.,184,Obstructing sale of property offered for sale by authority of a public servant,auto,"matched via content overlap: authority, obstruct, offered"
ipc_to_bns,220,Illegal purchase or bid for property offered for sale by authority of public servant.,185,"Bidding, by a person under a legal incapacity to purchase it, for property at a lawfully authorized Sale, or bidding without intending to perform the obligations incurred thereby",auto,"matched via content overlap: bidd, property, purchase"
ipc_to_bns,221,Obstructing public servant in discharge of public functions.,186,Obstructing public servant in discharge of his public functions,auto,"matched via content overlap: discharge, function, obstruct"
ipc_to_bns,222,Omission to assist public servant when bound by law to give assistance.,187,Omission to assist public servant when bound by law to give such assistance,auto,"matched via content overlap: assist, assistance, bound"
ipc_to_bns,223,Disobedience to order duly promulgated by public servant.,188,"Disobedience to an order lawfully promulgated by a public servant, If such disobedience causes obstruction, annoyance or injury to persons lawfully employed",auto,"matched via content overlap: disobedience, lawfully, promulgated"
ipc_to_bns,198,"Public servant disobeying law, with intent to cause injury to any person.",189,"Threatening a public servant with injury to him or one in whom he is interested, to induce him to do or forbear to do any official act",auto,"matched via content overlap: injury, servant"
ipc_to_bns,2,Definitions,19,“Judge”,manual,manual mapping: IPC definition (judge) → BNS §2 Definitions
ipc_to_bns,225,Threat of injury to induce person to refrain from applying for protection to public servant.,190,Threatening any person to induce him to refrain From making a legal application for protection From injury,auto,"matched via content overlap: from, induce, injury"
ipc_to_bns,227,Giving false evidence.,191,give false evidence,auto,matched via shared concepts: false-evidence
ipc_to_bns,227,Giving false evidence.,192,Causes any circumstance to exist or makes any false entry in any book or record,auto,matched via shared concepts: false-evidence
ipc_to_bns,229,Punishment for false evidence.,193,Giving or fabricating false evidence in a judicial proceeding,auto,matched via shared concepts: false-evidence
ipc_to_bns,230,Giving or fabricating false evidence with intent to procure conviction of capital offence.,194,Giving or fabricating false evidence with intent to cause any person to be convicted of a capital offence,auto,matched via shared concepts: false-evidence
ipc_to_bns,231,Giving or fabricating false evidence with intent to procure conviction of offence punishable with imprisonment for life or imprisonment.,195,Giving or fabricating false evidence with intent to procure conviction of an offence punishable with imprisonment for life or with imprisonment for 7 Years or upwards,auto,matched via shared concepts: false-evidence
ipc_to_bns,232,Threatening any person to give false evidence,195a,Threatening any person to give false evidence,auto,matched via shared concepts: false-evidence
ipc_to_bns,233,Using evidence known to be false,196,Using in a judicial proceeding evidence known to be false or fabricated,auto,matched via shared concepts: false-evidence
ipc_to_bns,234,Issuing or signing false certificate.,197,Knowingly issuing or signing a false certificate relating to any fact of which such certificate is by law admissible in evidence,auto,matched via shared concepts: false-evidence
ipc_to_bns,235,Using as true a certificate known to be false.,198,Using as a true certificate one known to be false in a material point,auto,matched via shared concepts: false-evidence
ipc_to_bns,236,False statement made in declaration which is by law receivable as evidence,199,False statement made in any declaration which by law receivable as evidence,auto,matched via shared concepts: false-evidence
ipc_to_bns,2,Definitions,20,“Court of Justice”,manual,manual mapping: IPC definition (court of justice) → BNS §2 Definitions
ipc_to_bns,237,Using as true such declaration knowing it to be false,200,Using as true any such declaration known to be false,auto,"matched via content overlap: declaration, false, true"
ipc_to_bns,238,"Causing disappearance of evidence of offence, or giving false information to screen offender.",201,"Causing disappearance of evidence of an offence committed, or giving false information touching it to screen the offender, If a capital offence",auto,"matched via content overlap: disappearance, evidence, false"
ipc_to_bns,239,Intentional omission to give information of offence by person bound to inform.,202,Intentional omission to give information of an offence by a person legally bound to inform,auto,"matched via content overlap: bound, inform, information"
ipc_to_bns,240,Giving false information respecting an offence committed.,203,Giving false information respecting an offence committed,auto,"matched via content overlap: false, information, respect"
ipc_to_bns,241,Destruction of document or electronic record to prevent its production as evidence,204,Secreting or destroying any document to prevent its production as evidence,auto,"matched via content overlap: destroy, document, evidence"
ipc_to_bns,242,False personation for purpose of act or proceeding in suit or prosecution.,205,"False personation for the purpose of any act or proceeding in a suit or criminal prosecution, or for becoming bail or security",auto,"matched via content overlap: criminal, false, personation"
ipc_to_bns,243,Fraudulent removal or concealment of property to prevent its seizure as forfeited or in execution.,206,"Fraudulent removal or concealment, etc., of property to prevent its seizure as a forfeiture, or in satisfaction of a Fine under sentence, or in execution of a decree",auto,"matched via content overlap: concealment, execution, forfeiture"
ipc_to_bns,244,Fraudulent claim to property to prevent its seizure as forfeited or in execution.,207,"Claiming property without right, or practicing deception touching any right to it, to prevent its being taken as a forfeiture or in satisfaction of a Fine under sentence, or in execution of a decree",auto,"matched via content overlap: claim, execution, forfeiture"
ipc_to_bns,245,Fraudulently suffering decree for sum not due.,208,"Fraudulently suffering a decree to pass for a sum not due, or suffering decree to be executed after it has been satisfied",auto,"matched via content overlap: decree, fraudulently, suffer"
ipc_to_bns,246,Dishonestly making false claim in Court.,209,False claim in a court of Justice,auto,"matched via content overlap: claim, court, false"
ipc_to_bns,247,Fraudulently obtaining decree for sum not due.,210,"Fraudulently obtaining a decree for a sum not due, or causing a decree to be executed after it has been satisfied",auto,"matched via content overlap: decree, fraudulently, obtain"
ipc_to_bns,248,False charge of offence made with intent to injure.,211,False charge of offence made with intent to injure,auto,"matched via content overlap: charge, false, injure"
ipc_to_bns,54,Abettor present when offence is committed.,212,"Harbouring an offender, If the offence be capital",auto,matched via content overlap: offender
ipc_to_bns,250,"Taking gift, etc., to screen an offender from punishment.",213,"Taking gift, etc., to screen an offender from punishment, If the offence be capital",auto,"matched via content overlap: from, gift, offender"
ipc_to_bns,251,Offering gift or restoration of property in consideration of screening offender.,214,"Offering gift or restoration of property in consideration of screening offender, If the offence be capital",auto,"matched via content overlap: consideration, gift, offender"
ipc_to_bns,252,"Taking gift to help to recover stolen property, etc.",215,Taking gift to help to recover movable property of which a person has been deprived by an offence without causing apprehension of offender,auto,"matched via content overlap: gift, help, offender"
ipc_to_bns,253,Harbouring offender who has escaped from custody or whose apprehension has been ordered.,216,"Harbouring an offender who has escaped from custody, or whose apprehension has been ordered, If the offence be capital",auto,"matched via content overlap: apprehension, been, custody"
ipc_to_bns,254,Penalty for harbouring robbers or dacoits,216a,Harbouring robbers or dacoits,auto,"matched via content overlap: dacoit, harbour, robber"
ipc_to_bns,255,Public servant disobeying direction of law with intent to save person from punishment or property from forfeiture.,217,"Public servant disobeying a direction of law with intent to save person from punishment, or property from forfeiture",auto,"matched via content overlap: direction, disobey, forfeiture"
ipc_to_bns,256,Public servant framing incorrect record or writing with intent to save person from punishment or property from forfeiture.,218,"Public servant framing an incorrect record or writing with intent to save person from punishment, or property from forfeiture",auto,"matched via content overlap: forfeiture, fram, from"
ipc_to_bns,257,"Public servant in judicial proceeding corruptly making report, etc., contrary to law.",219,"Public servant in a judicial proceeding corruptly Making and pronouncing an order, report, Verdict, or decision which he knows to be contrary to law",auto,"matched via content overlap: contrary, corruptly, decision"
ipc_to_bns,317,Stolen property.,22,“Movable property”,auto,matched via content overlap: property
ipc_to_bns,258,Commitment for trial or confinement by person having authority who knows that he is acting contrary to law.,220,"Commitment for trial or confinement by a person Having authority, who Knows that he is Acting contrary to law",auto,"matched via content overlap: act, authority, commitment"
ipc_to_bns,259,Intentional omission to apprehend on part of public servant bound to apprehend.,221,"Intentional omission to apprehend on the part of a public servant bound by law to apprehend an offender, If the offence be Capital",auto,"matched via content overlap: apprehend, bound, intentional"
ipc_to_bns,260,Intentional omission to apprehend on part of public servant bound to apprehend person under sentence or lawfully committed.,222,"Intentional omission to apprehend on the part of A public servant bound by law to apprehend person under sentence of a court of Justice, If under sentence of death",auto,"matched via content overlap: apprehend, bound, intentional"
ipc_to_bns,261,Escape from confinement or custody negligently suffered by public servant.,223,Escape from confinement negligently suffered by a public servant,auto,"matched via content overlap: confinement, escape, from"
ipc_to_bns,262,Resistance or obstruction by a person to his lawful apprehension.,224,Resistance or obstruction by a person to his lawful apprehension,auto,"matched via content overlap: apprehension, lawful, obstruction"
ipc_to_bns,263,Resistance or obstruction to lawful apprehension of another person.,225,"Resistance or obstruction to the lawful apprehension of any person, or, rescuing him from lawful custody",auto,"matched via content overlap: apprehension, custody, from"
ipc_to_bns,264,"Omission to apprehend, or sufferance of escape, on part of public servant, in cases not otherwise provided for",225a,"Omission to apprehend, or sufferance of escape on part of public servant, in cases not otherwise provided for, In case of intentional omission or sufferance",auto,"matched via content overlap: apprehend, escape, omission"
ipc_to_bns,265,Resistance or obstruction to lawful apprehension or escape or rescue in cases not otherwise provided for.,225b,"Resistance or obstruction to lawful apprehension, or escape or rescue in cases not otherwise provided for",auto,"matched via content overlap: apprehension, escape, lawful"
ipc_to_bns,351,Criminal intimidation.,226,"Repealed by the Code of Criminal Procedure (Amendment) Act, 1955 (26 of 1955), s. 117 a...",auto,matched via content overlap: criminal
ipc_to_bns,266,Violation of condition of remission of punishment.,227,Violation of condition of remission of punishment,auto,"matched via content overlap: condition, remission, violation"
ipc_to_bns,267,Intentional insult or interruption to public servant sitting in judicial proceeding.,228,Intentional insult or interruption to a public servant sitting in any stage of a judicial proceeding,auto,"matched via content overlap: insult, intentional, interruption"
ipc_to_bns,72,"Disclosure of identity of victim of certain offences, etc.",228a,"Disclosure of identity of the victim of certain offences, etc.",auto,"matched via content overlap: disclosure, identity, victim"
ipc_to_bns,319,Cheating by personation.,229,Personation of a juror or assessor,auto,matched via shared concepts: personation
ipc_to_bns,269,Failure by person released on bail bond or bond to appear in Court.,229a,Failure by person released on bail or bond to appear in Court,auto,"matched via content overlap: appear, bail, bond"
ipc_to_bns,126,Wrongful restraint.,23,“Wrongful gain”,auto,matched via content overlap: wrongful
ipc_to_bns,178,"Counterfeiting coin, Government stamps, currency-notes or bank-notes.",230,"Coin — Coin is metal used for the time being as money, and stamped and issued by the au...",auto,matched via shared concepts: counterfeiting
ipc_to_bns,181,"Making or possessing instruments or materials for forging or counterfeiting coin, Government stamp, currency-notes or bank-notes.",231,"Counterfeiting, or performing any part of the process of counterfeiting coin",auto,matched via shared concepts: counterfeiting
ipc_to_bns,181,"Making or possessing instruments or materials for forging or counterfeiting coin, Government stamp, currency-notes or bank-notes.",232,"Counterfeiting, or performing any part of the process of counterfeiting coin",auto,matched via shared concepts: counterfeiting
ipc_to_bns,181,"Making or possessing instruments or materials for forging or counterfeiting coin, Government stamp, currency-notes or bank-notes.",233,"Making, buying or selling instrument for the purpose of counterfeiting coin",auto,matched via shared concepts: counterfeiting
ipc_to_bns,181,"Making or possessing instruments or materials for forging or counterfeiting coin, Government stamp, currency-notes or bank-notes.",234,"Making, buying or selling instrument for the purpose of counterfeiting Indian coin",auto,matched via shared concepts: counterfeiting
ipc_to_bns,181,"Making or possessing instruments or materials for forging or counterfeiting coin, Government stamp, currency-notes or bank-notes.",235,Possession of instrument or material for the purpose of using the same for counterfeiting coin,auto,matched via shared concepts: counterfeiting
ipc_to_bns,181,"Making or possessing instruments or materials for forging or counterfeiting coin, Government stamp, currency-notes or bank-notes.",236,"Abetting, in India, the counterfeiting, out of India, of coin",auto,matched via shared concepts: counterfeiting
ipc_to_bns,180,"Possession of forged or counterfeit coin, Government stamp, currency-notes or bank-notes.",237,"Import or export of counterfeit coin, knowing the same to be counterfeit",auto,matched via shared concepts: counterfeiting
ipc_to_bns,180,"Possession of forged or counterfeit coin, Government stamp, currency-notes or bank-notes.",238,"Import or export of counterfeit of Indian coin, knowing the same to be counterfeit",auto,matched via shared concepts: counterfeiting
ipc_to_bns,180,"Possession of forged or counterfeit coin, Government stamp, currency-notes or bank-notes.",239,"Having any counterfeit coin known to be such when it came into possession, and delivering, etc., the same to any person",auto,matched via shared concepts: counterfeiting
ipc_to_bns,2,Definitions,24,“Dishonestly”,manual,manual mapping: IPC definition (dishonestly) → BNS §2 Definitions
ipc_to_bns,180,"Possession of forged or counterfeit coin, Government stamp, currency-notes or bank-notes.",240,Same with respect to Indian coin,auto,matched via shared concepts: counterfeiting
ipc_to_bns,179,"Using as genuine, forged or counterfeit coin, Government stamp, currency-notes or bank-notes.",241,"Knowingly delivering to another any counterfeit coin as genuine, which, when first possessed, the deliverer did not know to be counterfeit",auto,matched via shared concepts: counterfeiting
ipc_to_bns,180,"Possession of forged or counterfeit coin, Government stamp, currency-notes or bank-notes.",242,Possession of counterfeit coin by a person who knew it to be counterfeit when he became possessed thereof,auto,matched via shared concepts: counterfeiting
ipc_to_bns,180,"Possession of forged or counterfeit coin, Government stamp, currency-notes or bank-notes.",243,Possession of Indian coin by a person who knew it to be counterfeit when he became possessed thereof,auto,matched via shared concepts: counterfeiting
ipc_to_bns,187,Person employed in mint causing coin to be of different weight or composition from that fixed by law.,244,Person employed in a Mint causing coin to be of a different weight or composition from that fixed by law,auto,matched via shared concepts: counterfeiting
ipc_to_bns,188,Unlawfully taking coining instrument from mint.,245,Unlawfully taking from a Mint any coining instrument,auto,matched via shared concepts: counterfeiting
ipc_to_bns,187,Person employed in mint causing coin to be of different weight or composition from that fixed by law.,246,Fraudulently diminishing the weight or altering the composition of any coin,auto,matched via shared concepts: counterfeiting
ipc_to_bns,187,Person employed in mint causing coin to be of different weight or composition from that fixed by law.,247,Fraudulently diminishing the weight or altering the composition of Indian coin,auto,matched via shared concepts: counterfeiting
ipc_to_bns,180,"Possession of forged or counterfeit coin, Government stamp, currency-notes or bank-notes.",248,Altering appearance of any coin with intent that it shall pass as a coin of a different description,auto,matched via shared concepts: counterfeiting
ipc_to_bns,180,"Possession of forged or counterfeit coin, Government stamp, currency-notes or bank-notes.",249,Altering appearance of Indian coin with intent that it shall pass as a coin of a different description,auto,matched via shared concepts: counterfeiting
ipc_to_bns,2,Definitions,25,“Fraudulently”,manual,manual mapping: IPC definition (fraudulently) → BNS §2 Definitions
ipc_to_bns,187,Person employed in mint causing coin to be of different weight or composition from that fixed by law.,250,Delivery to another of coin possessed with the knowledge that it is altered,auto,matched via shared concepts: counterfeiting
ipc_to_bns,187,Person employed in mint causing coin to be of different weight or composition from that fixed by law.,251,Delivery of Indian coin possessed with the knowledge that it is altered,auto,matched via shared concepts: counterfeiting
ipc_to_bns,180,"Possession of forged or counterfeit coin, Government stamp, currency-notes or bank-notes.",252,Possession of altered coin by a person who knew it to be altered when he became possessed thereof,auto,matched via shared concepts: counterfeiting
ipc_to_bns,180,"Possession of forged or counterfeit coin, Government stamp, currency-notes or bank-notes.",253,Possession of Indian coin by a person who knew it to be altered when he became possessed thereof,auto,matched via shared concepts: counterfeiting
ipc_to_bns,179,"Using as genuine, forged or counterfeit coin, Government stamp, currency-notes or bank-notes.",254,"Delivery to another of coin as genuine which, when first possessed, the deliverer did not know to be altered",auto,matched via shared concepts: counterfeiting
ipc_to_bns,181,"Making or possessing instruments or materials for forging or counterfeiting coin, Government stamp, currency-notes or bank-notes.",255,Counterfeiting a Government stamp,auto,matched via shared concepts: counterfeiting
ipc_to_bns,181,"Making or possessing instruments or materials for forging or counterfeiting coin, Government stamp, currency-notes or bank-notes.",256,Having possession of an instrument or material for the purpose of counterfeiting a Government stamp,auto,matched via shared concepts: counterfeiting
ipc_to_bns,181,"Making or possessing instruments or materials for forging or counterfeiting coin, Government stamp, currency-notes or bank-notes.",257,"Making, buying or selling instrument for the purpose of counterfeiting a Government stamp",auto,matched via shared concepts: counterfeiting
ipc_to_bns,180,"Possession of forged or counterfeit coin, Government stamp, currency-notes or bank-notes.",258,Sale of counterfeit Government stamp,auto,matched via shared concepts: counterfeiting
ipc_to_bns,180,"Possession of forged or counterfeit coin, Government stamp, currency-notes or bank-notes.",259,Having possession of a counterfeit Government stamp,auto,matched via shared concepts: counterfeiting
ipc_to_bns,2,Definitions,26,“Reason to believe ”,manual,manual mapping: IPC definition (reason to believe) → BNS §2 Definitions
ipc_to_bns,179,"Using as genuine, forged or counterfeit coin, Government stamp, currency-notes or bank-notes.",260,Using as genuine a Government stamp known to be counterfeit,auto,matched via shared concepts: counterfeiting
ipc_to_bns,183,"Effacing writing from substance bearing Government stamp, or removing from document a stamp used for it, with intent to cause loss to Government.",261,"Effacing any writing from a substance bearing a Government stamp, or removing from a document a stamp used for it, with intent to cause a loss to Government",auto,matched via shared concepts: counterfeiting
ipc_to_bns,184,Using Government stamp known to have been before used.,262,Using a Government stamp known to have been before used,auto,matched via shared concepts: counterfeiting
ipc_to_bns,185,Erasure of mark denoting that stamp has been used.,263,Erasure of mark denoting that stamps have been used,auto,matched via shared concepts: counterfeiting
ipc_to_bns,186,Prohibition of fictitious stamps.,263a,Fictitious stamps,auto,matched via shared concepts: counterfeiting
ipc_to_bns,229,Punishment for false evidence.,264,Fraudulent use of false instrument for weighing,auto,matched via content overlap: false
ipc_to_bns,322,Dishonest or fraudulent execution of deed of transfer containing false statement of consideration.,265,Fraudulent use of false weight or measure,auto,"matched via content overlap: false, fraudulent"
ipc_to_bns,229,Punishment for false evidence.,266,Being in possession of false weights or measures for fraudulent use,auto,matched via content overlap: false
ipc_to_bns,229,Punishment for false evidence.,267,Making or selling false weights or measures for fraudulent use,auto,matched via content overlap: false
ipc_to_bns,270,Public nuisance.,268,A person is guilty of a public nuisance who does any act or is guilty of an illegal omi...,auto,matched via shared concepts: public-nuisance
ipc_to_bns,271,Negligent act likely to spread infection of disease dangerous to life.,269,Negligently doing any act known to be likely to spread infection of any disease dangerous to life,auto,"matched via content overlap: dangerou, disease, infection"
ipc_to_bns,317,Stolen property.,27,"“Property in possession of wife, clerk or servant ”",auto,matched via content overlap: property
ipc_to_bns,272,Malignant act likely to spread infection of disease dangerous to life.,270,Malignantly doing any act known to be likely to spread infection of any disease dangerous to life,auto,"matched via content overlap: dangerou, disease, infection"
ipc_to_bns,279,Fouling water of public spring or reservoir.,271,Knowingly disobeying any quarantine rule,auto,matched via shared concepts: public-nuisance
ipc_to_bns,274,Adulteration of food or drink intended for sale.,272,"Adulterating food or drink intended for sale, so as to make the same noxious",auto,matched via shared concepts: adulteration
ipc_to_bns,275,Sale of noxious food or drink.,273,"Selling any food or drink as food and drink, knowing the same to be noxious",auto,matched via shared concepts: adulteration
ipc_to_bns,274,Adulteration of food or drink intended for sale.,274,"Adulterating any drug or medical preparation intended for sale so as to lessen its efficacy, or to change its operation, or to make it noxious",auto,matched via shared concepts: adulteration
ipc_to_bns,278,Sale of drug as a different drug or preparation.,275,Offering for sale or issuing from a dispensary any drug or medical preparation known to have been adulterated,auto,matched via shared concepts: adulteration
ipc_to_bns,278,Sale of drug as a different drug or preparation.,276,Knowingly selling or issuing from a dispensary any drug or medical preparation as a different drug or medical preparation,auto,"matched via content overlap: different, drug, preparation"
ipc_to_bns,279,Fouling water of public spring or reservoir.,277,Defiling the water of a public spring or reservoir,auto,matched via shared concepts: public-nuisance
ipc_to_bns,280,Making atmosphere noxious to health.,278,Making atmosphere noxious to health,auto,matched via shared concepts: public-nuisance
ipc_to_bns,285,Danger or obstruction in public way or line of navigation.,279,"Driving or riding on a public way so rashly or negligently as to endanger human life, etc.",auto,matched via shared concepts: public-nuisance
ipc_to_bns,178,"Counterfeiting coin, Government stamps, currency-notes or bank-notes.",28,“Counterfeit”,auto,matched via content overlap: counterfeit
ipc_to_bns,279,Fouling water of public spring or reservoir.,280,"Navigating any vessel so rashly or negligently as to endanger human life, etc.",auto,matched via shared concepts: public-nuisance
ipc_to_bns,283,"Exhibition of false light, mark or buoy.",281,"Exhibition of a false light, mark or buoy",auto,"matched via content overlap: buoy, exhibition, false"
ipc_to_bns,284,Conveying person by water for hire in unsafe or overloaded vessel.,282,"Conveying for hire any person by water, in a vessel in such a state, or so loaded, as to endanger his life",auto,"matched via content overlap: convey, hire, vessel"
ipc_to_bns,285,Danger or obstruction in public way or line of navigation.,283,"Causing danger, obstruction or, injury in any public way or line of navigation",auto,matched via shared concepts: public-nuisance
ipc_to_bns,286,Negligent conduct with respect to poisonous substance.,284,"Dealing with any poisonous substance so as to endanger human life, etc.",auto,"matched via content overlap: poisonou, substance"
ipc_to_bns,287,Negligent conduct with respect to fire or combustible matter.,285,"Dealing with fire or any combustible matter so as to endanger human life, etc.",auto,"matched via content overlap: combustible, fire, matter"
ipc_to_bns,288,Negligent conduct with respect to explosive substance.,286,So dealing with any explosive substance,auto,"matched via content overlap: explosive, substance"
ipc_to_bns,279,Fouling water of public spring or reservoir.,287,So dealing with any machinery,auto,matched via shared concepts: public-nuisance
ipc_to_bns,285,Danger or obstruction in public way or line of navigation.,288,A person omitting to guard against probable danger to human life by the fall of any building over which he has a right entitling him to pull it down or repair it,auto,matched via shared concepts: public-nuisance
ipc_to_bns,121,Voluntarily causing hurt or grievous hurt to deter public servant from his duty,289,"A person omitting to take order with any animal in his possession, so as to guard against danger to human life, or of grievous hurt, from such animal",auto,"matched via content overlap: from, grievou, hurt"
ipc_to_bns,335,Making a false document.,29,“Document”,auto,matched via content overlap: document
ipc_to_bns,292,Punishment for public nuisance in cases not otherwise provided for.,290,Committing a public nuisance,auto,matched via shared concepts: public-nuisance
ipc_to_bns,293,Continuance of nuisance after injunction to discontinue.,291,Committing a nuisance after injunction to discontinue,auto,matched via shared concepts: public-nuisance
ipc_to_bns,294,"Sale, etc., of obscene books, etc.",292,"Sale, etc., of obscene books, etc.",auto,matched via shared concepts: obscenity
ipc_to_bns,295,"Sale, etc., of obscene objects to child.",293,"Sale etc., of obscene objects to young persons",auto,matched via shared concepts: obscenity
ipc_to_bns,296,Obscene acts and songs.,294,Obscene Songs,auto,"matched via content overlap: obscene, song"
ipc_to_bns,297,Keeping lottery office.,294a,Keeping a lottery office,auto,"matched via content overlap: keep, lottery, office"
ipc_to_bns,298,Injuring or defiling place of worship with intent to insult religion of any class.,295,"Destroying, damaging or defiling a place of worship or sacred object with intent to insult the religion of any class of persons",auto,matched via shared concepts: offences-against-religion
ipc_to_bns,299,"Deliberate and malicious acts, intended to outrage religious feelings of any class by insulting its religion or religious beliefs.",295a,Maliciously insulting the religions or the religious beliefs of any class,auto,matched via shared concepts: offences-against-religion
ipc_to_bns,300,Disturbing religious assembly.,296,Causing a disturbance to an assembly engaged in religious worship,auto,matched via shared concepts: offences-against-religion
ipc_to_bns,298,Injuring or defiling place of worship with intent to insult religion of any class.,297,"Trespassing in place of worship or sepulchre, disturbing funeral with intention to wound the feeling or to insult the religion of any person, or offering indignity to a human corpse",auto,matched via shared concepts: offences-against-religion
ipc_to_bns,302,"Uttering words, etc., with deliberate intent to wound religious feelings of any person.",298,"Uttering any word or making any sound in the hearing or making any gesture, or placing any object in the sight of any person, with intention to wound his religious feelings",auto,matched via shared concepts: offences-against-religion
ipc_to_bns,100,Culpable homicide.,299,Causes death by doing an act with the intention of causing death,auto,matched via shared concepts: culpable-homicide
ipc_to_bns,340,Forged document or electronic record and using it as genuine.,29a,Electronic record,auto,"matched via content overlap: electronic, record"
ipc_to_bns,2,Definitions,30,“Valuable security”,manual,manual mapping: IPC definition (valuable security) → BNS §2 Definitions
ipc_to_bns,101,Murder.,300,"Except in the cases hereinafter excepted, culpable homicide is murder, if the act by wh...",auto,matched via shared concepts: murder
ipc_to_bns,103,Punishment for murder.,302,Murder,auto,matched via shared concepts: murder
ipc_to_bns,104,Punishment for murder by life-convict,303,Murder by a person under Sentence of imprisonment for life,auto,matched via shared concepts: murder
ipc_to_bns,92,Causing death of quick unborn child by act amounting to culpable homicide.,304,"Culpable homicide not amounting to murder, If act by which the death is caused is done with intention of causing death, etc.",auto,"matched via content overlap: amount, culpable, death"
ipc_to_bns,92,Causing death of quick unborn child by act amounting to culpable homicide.,304a,Causing death by rash or negligent act,auto,matched via content overlap: death
ipc_to_bns,80,Dowry death.,304b,Dowry death,auto,"matched via content overlap: death, dowry"
ipc_to_bns,107,Abetment of suicide of child or person of unsound mind.,305,"Abetment of suicide committed by child or insane or delirious person or an idiot, or a person intoxicated",auto,"matched via content overlap: abetment, child, deliriou"
ipc_to_bns,108,Abetting commission of offence by public or by more than ten persons.,306,Abetting the Commission of suicide,manual,manual correction: Abetting commission of suicide -> BNS §108
ipc_to_bns,109,Attempt to murder.,307,Attempt to murder,auto,matched via shared concepts: murder
ipc_to_bns,110,Attempt to commit culpable homicide.,308,Attempt to commit culpable homicide,auto,"matched via content overlap: attempt, culpable, homicide"
ipc_to_bns,226,Attempt to commit suicide to compel or restrain exercise of lawful power.,309,Attempt to commit suicide,auto,"matched via content overlap: attempt, suicide"
ipc_to_bns,2,Definitions,31,“A will”,manual,manual mapping: IPC definition (a will) → BNS §2 Definitions
ipc_to_bns,111,Organised crime.,311,OffencePunishment,manual,manual mapping: thug → organised crime syndicate
ipc_to_bns,88,Causing miscarriage.,312,Causing miscarriage,auto,matched via shared concepts: miscarriage
ipc_to_bns,89,Causing miscarriage without woman's consent.,313,Causing miscarriage without womanâ€™s consent,auto,"matched via content overlap: consent, miscarriage, without"
ipc_to_bns,90,Death caused by act done with intent to cause miscarriage.,314,Death caused by an act done with intent to cause miscarriage,auto,"matched via content overlap: death, miscarriage"
ipc_to_bns,91,Act done with intent to prevent child being born alive or to cause to die after birth.,315,"Act done with intent to prevent a child being born alive, or to cause it to die after its birth",auto,"matched via content overlap: after, alive, being"
ipc_to_bns,92,Causing death of quick unborn child by act amounting to culpable homicide.,316,Causing death of a quick unborn child by an act amounting to culpable homicide,auto,"matched via content overlap: amount, child, culpable"
ipc_to_bns,93,"Exposure and abandonment of child under twelve years of age, by parent or person having care of it",317,Exposure of a child under 12 Years of age by parent or person having care of it with intention of wholly abandoning it,auto,"matched via content overlap: care, child, exposure"
ipc_to_bns,94,Concealment of birth by secret disposal of dead body.,318,Concealment of birth by secret disposal of dead body,auto,"matched via content overlap: birth, body, concealment"
ipc_to_bns,114,Hurt.,319,cause hurt,auto,matched via shared concepts: hurt
ipc_to_bns,116,Grievous hurt.,320,"The following kinds of hurt only are designated as \""grievous\"": Emasculation. Permanent ...",auto,"matched via shared concepts: grievous-hurt, hurt"
ipc_to_bns,115,Voluntarily causing hurt.,321,Does any act with the intention of thereby causing hurt to any person,auto,matched via shared concepts: hurt
ipc_to_bns,116,Grievous hurt.,322,"Voluntarily causes hurt, if the hurt which he intends to cause or knows himself to be likely to cause is grievous hurt",auto,"matched via shared concepts: grievous-hurt, hurt"
ipc_to_bns,115,Voluntarily causing hurt.,323,Voluntarily causing hurt,manual,manual: voluntarily causing hurt (IPC §323 → BNS §115; not provocation §122)
ipc_to_bns,118,Voluntarily causing hurt or grievous hurt by dangerous weapons or means.,324,Voluntarily causing hurt by dangerous weapons or means,auto,matched via shared concepts: hurt
ipc_to_bns,122,Voluntarily causing hurt or grievous hurt on provocation.,325,Voluntarily causing grievous hurt,auto,"matched via shared concepts: grievous-hurt, hurt"
ipc_to_bns,118,Voluntarily causing hurt or grievous hurt by dangerous weapons or means.,326,Voluntarily causing grievous hurt by dangerous weapons or means,auto,"matched via shared concepts: grievous-hurt, hurt"
ipc_to_bns,124,"Voluntarily causing grievous hurt by use of acid, etc.",326a,"Voluntarily causing grievous hurt by use of acid, etc.",auto,matched via shared concepts: grievous-hurt
ipc_to_bns,122,Voluntarily causing hurt or grievous hurt on provocation.,326b,Voluntarily throwing or attempting to throw acid,auto,"matched via shared concepts: grievous-hurt, hurt"
ipc_to_bns,119,"Voluntarily causing hurt or grievous hurt to extort property, or to constrain to an illegal act.",327,"Voluntarily causing hurt to extort property or a valuable security, or to constrain to do anything which is illegal or which may facilitate the commission of an offence",auto,matched via shared concepts: hurt
ipc_to_bns,123,"Causing hurt by means of poison, etc., with intent to commit an offence.",328,"Administering stupefying drug with intent to cause hurt, etc.",auto,matched via shared concepts: hurt
ipc_to_bns,119,"Voluntarily causing hurt or grievous hurt to extort property, or to constrain to an illegal act.",329,"Voluntarily causing grievous hurt to extort property or a valuable security, or to constrain to do anything which is illegal, or which may facilitate the commission of an offence",auto,matched via shared concepts: hurt
ipc_to_bns,120,"Voluntarily causing hurt or grievous hurt to extort confession, or to compel restoration of property.",330,"Voluntarily causing hurt to extort confession or information of property, etc.",auto,matched via shared concepts: hurt
ipc_to_bns,120,"Voluntarily causing hurt or grievous hurt to extort confession, or to compel restoration of property.",331,"Voluntarily causing grievous hurt to extort confession or information or to compel restoration of property, etc.",auto,matched via shared concepts: hurt
ipc_to_bns,121,Voluntarily causing hurt or grievous hurt to deter public servant from his duty,332,Voluntarily causing hurt to deter public servant from his duty,auto,"matched via content overlap: deter, duty, from"
ipc_to_bns,121,Voluntarily causing hurt or grievous hurt to deter public servant from his duty,333,Voluntarily causing grievous hurt to deter public servant from his duty,auto,"matched via content overlap: deter, duty, from"
ipc_to_bns,122,Voluntarily causing hurt or grievous hurt on provocation.,334,"Voluntarily causing hurt on grave and sudden provocation, not intending to hurt any other than the person who gave the provocation",auto,matched via shared concepts: hurt
ipc_to_bns,122,Voluntarily causing hurt or grievous hurt on provocation.,335,"Causing grievous hurt on Grave and sudden provocation, not intending to hurt and other than the person who gave the provocation",auto,matched via shared concepts: hurt
ipc_to_bns,125,Act endangering life or personal safety of others.,336,Doing any act which endangers human life or the personal safety of others,auto,"matched via content overlap: endanger, hurt, life"
ipc_to_bns,119,"Voluntarily causing hurt or grievous hurt to extort property, or to constrain to an illegal act.",337,"Causing hurt by an act which endangers human life, etc.",auto,matched via shared concepts: hurt
ipc_to_bns,119,"Voluntarily causing hurt or grievous hurt to extort property, or to constrain to an illegal act.",338,"Causing grievous hurt by an act which endangers human life, etc.",auto,matched via shared concepts: hurt
ipc_to_bns,135,Assault or criminal force in attempt to wrongfully confine a person.,341,Wrongfully restraining any person,auto,matched via shared concepts: wrongful-confinement
ipc_to_bns,142,"Wrongfully concealing or keeping in confinement, kidnapped or abducted person.",342,Wrongfully confining any person,auto,"matched via content overlap: confin, wrongfully"
ipc_to_bns,142,"Wrongfully concealing or keeping in confinement, kidnapped or abducted person.",343,Wrongfully confining for 3 or more days,auto,matched via shared concepts: wrongful-confinement
ipc_to_bns,142,"Wrongfully concealing or keeping in confinement, kidnapped or abducted person.",344,Wrongfully confining for 10 or more days,auto,matched via shared concepts: wrongful-confinement
ipc_to_bns,258,Commitment for trial or confinement by person having authority who knows that he is acting contrary to law.,345,"Keeping any person in wrongful confinement, knowing that a writ has been issued for his liberation",auto,"matched via content overlap: confinement, that"
ipc_to_bns,127,Wrongful confinement.,346,Wrongful confinement in secret,auto,matched via shared concepts: wrongful-confinement
ipc_to_bns,242,False personation for purpose of act or proceeding in suit or prosecution.,347,"Wrongful confinement for the purpose of extorting property, or constraining to an illegal act, etc.",auto,matched via content overlap: purpose
ipc_to_bns,120,"Voluntarily causing hurt or grievous hurt to extort confession, or to compel restoration of property.",348,"Wrongful confinement for the purpose of extorting confession or information, or of compelling restoration of property etc.",auto,"matched via content overlap: confession, extort, property"
ipc_to_bns,128,Force.,349,"A person is said to use force to another if he causes motion, change of motion, or cess...",auto,matched via content overlap: force
ipc_to_bns,61,Criminal conspiracy.,35,When such an act is criminal by reason of its being done with a cr iminal knowledge or,auto,matched via content overlap: criminal
ipc_to_bns,129,Criminal force.,350,use criminal force to that other,auto,matched via shared concepts: criminal-force
ipc_to_bns,130,Assault.,351,commit an assault,auto,"matched via shared concepts: assault, criminal-force"
ipc_to_bns,131,Punishment for assault or criminal force otherwise than on grave provocation.,352,Assault or use of criminal force otherwise than on grave provocation,auto,matched via shared concepts: assault
ipc_to_bns,132,Assault or criminal force to deter public servant from discharge of his duty.,353,Assault or use of criminal force to deter a public servant from discharge of his duty,auto,matched via shared concepts: assault
ipc_to_bns,74,Assault or use of criminal force to woman with intent to outrage her modesty.,354,Assault or use of criminal force to woman with intent to outrage her modesty,auto,"matched via content overlap: assault, criminal, force"
ipc_to_bns,131,Punishment for assault or criminal force otherwise than on grave provocation.,354a,Sexual harassment of the nature of unwelcome physical contact and advances or a demand or request for sexual favours or showing pornography,auto,matched via shared concepts: assault
ipc_to_bns,76,Assault or use of criminal force to woman with intent to disrobe.,354b,Criminal force to woman with intent to disrobe,auto,"matched via content overlap: assault, criminal, disrobe"
ipc_to_bns,77,When right of private defence of body extends to causing death.,354c,"Any man who watches, or captures the image of a woman engaging in a private act in circ...",manual,manual correction: Voyeurism -> BNS §77
ipc_to_bns,131,Punishment for assault or criminal force otherwise than on grave provocation.,354d,Stalking,auto,matched via shared concepts: assault
ipc_to_bns,133,"Assault or criminal force with intent to dishonour person, otherwise than on grave provocation.",355,"Assault or criminal force with intent to dishonour a person, otherwise than on grave and sudden provocation",auto,matched via shared concepts: assault
ipc_to_bns,134,Assault or criminal force in attempt to commit theft of property carried by a person.,356,Assault or criminal force in attempt to commit theft of property worn or carried by a person,auto,matched via shared concepts: assault
ipc_to_bns,135,Assault or criminal force in attempt to wrongfully confine a person.,357,Assault or use of criminal Force in attempt wrongfully to confine a person,auto,matched via shared concepts: assault
ipc_to_bns,136,Assault or criminal force on grave provocation.,358,Assault or use of criminal force on grave and sudden provocation,auto,"matched via content overlap: assault, criminal, force"
ipc_to_bns,137,Kidnapping.,359,"Kidnapping is of two kinds: kidnapping from India, and kidnapping from lawful guardians...",auto,matched via shared concepts: kidnapping
ipc_to_bns,137,Kidnapping.,360,kidnap that person from India,auto,matched via shared concepts: kidnapping
ipc_to_bns,137,Kidnapping.,361,kidnap such minor or person from lawful guardianship,auto,matched via shared concepts: kidnapping
ipc_to_bns,143,Trafficking of person.,362,abduct that person,auto,matched via shared concepts: abduction
ipc_to_bns,140,"Kidnapping or abducting in order to murder or for ransom, etc.",363,Kidnapping,auto,"matched via shared concepts: abduction, kidnapping"
ipc_to_bns,140,"Kidnapping or abducting in order to murder or for ransom, etc.",363a,Kidnapping or obtaining the custody of a minor in order that such minor may be employed or used for purposes of begging,auto,"matched via shared concepts: abduction, kidnapping"
ipc_to_bns,140,"Kidnapping or abducting in order to murder or for ransom, etc.",364,Kidnapping or abducting in order to murder,auto,"matched via shared concepts: abduction, kidnapping"
ipc_to_bns,140,"Kidnapping or abducting in order to murder or for ransom, etc.",364a,"Kidnapping for ransom, etc.",auto,"matched via shared concepts: abduction, kidnapping"
ipc_to_bns,142,"Wrongfully concealing or keeping in confinement, kidnapped or abducted person.",365,Kidnapping or abducting with intent secretly and wrongfully to confine a person,auto,"matched via shared concepts: abduction, kidnapping"
ipc_to_bns,140,"Kidnapping or abducting in order to murder or for ransom, etc.",366,Kidnapping or abducting a woman to compel her marriage or to cause her defilement etc.,auto,"matched via shared concepts: abduction, kidnapping"
ipc_to_bns,140,"Kidnapping or abducting in order to murder or for ransom, etc.",366a,Procuration of minor girl,auto,"matched via shared concepts: abduction, kidnapping"
ipc_to_bns,141,Importation of girl or boy from foreign country,366b,Importation of girl from foreign country,auto,"matched via content overlap: country, foreign, from"
ipc_to_bns,140,"Kidnapping or abducting in order to murder or for ransom, etc.",367,"Kidnapping or abducting in order to subject a person to grievous hurt, slavery, etc.",auto,"matched via shared concepts: abduction, kidnapping"
ipc_to_bns,142,"Wrongfully concealing or keeping in confinement, kidnapped or abducted person.",368,Concealing or keeping in confinement a kidnapped person,auto,"matched via shared concepts: abduction, kidnapping"
ipc_to_bns,142,"Wrongfully concealing or keeping in confinement, kidnapped or abducted person.",369,Kidnapping or abducting a child with intent to take property from the person of such child,auto,"matched via shared concepts: abduction, kidnapping"
ipc_to_bns,10,"Punishment of person guilty of one of several offences, judgment stating that it is doubtful of which.",37,Co-operation by doing one of several acts constituting an offence,auto,matched via content overlap: several
ipc_to_bns,142,"Wrongfully concealing or keeping in confinement, kidnapped or abducted person.",370,Trafficking of person,auto,"matched via shared concepts: abduction, kidnapping"
ipc_to_bns,140,"Kidnapping or abducting in order to murder or for ransom, etc.",370a,Exploitation of a trafficked child,auto,"matched via shared concepts: abduction, kidnapping"
ipc_to_bns,145,Habitual dealing in slaves.,371,Habitual dealing in slaves,auto,"matched via content overlap: deal, habitual, slav"
ipc_to_bns,98,"Selling child for purposes of prostitution, etc.",372,"Selling or letting to hire a minor for purposes of prostitution, etc.",auto,"matched via content overlap: prostitution, purpos, sell"
ipc_to_bns,99,"Buying child for purposes of prostitution, etc",373,Buying or obtaining possession of a minor for the same purposes,auto,"matched via content overlap: buy, obtain, purpos"
ipc_to_bns,146,Unlawful compulsory labour.,374,Unlawful compulsory labour,auto,"matched via content overlap: compulsory, labour, unlawful"
ipc_to_bns,63,Rape.,375,"A man is said to commit “rape” if he— penetrates his penis, to any extent, into the vag...",auto,matched via shared concepts: rape
ipc_to_bns,64,Punishment for rape.,376,Rape,auto,matched via shared concepts: rape
ipc_to_bns,66,Punishment for causing death or resulting in persistent vegetative state of victim,376a,Person committing an offence of rape and inflicting injury which causes death or causes the woman to be in a persistent vegetative state,auto,"matched via content overlap: death, persistent, rape"
ipc_to_bns,63,Rape.,376ab,"\""Whoever, commits rape on a woman under twelve years of age shall be punished with rigo...",auto,matched via content overlap: rape
ipc_to_bns,67,Sexual intercourse by husband upon his wife during separation.,376b,Sexual intercourse by husband upon his wife during separation,auto,"matched via content overlap: dur, husband, intercourse"
ipc_to_bns,68,Sexual intercourse by a person in authority.,376c,Sexual intercourse by a person in authority,auto,"matched via content overlap: authority, intercourse, sexual"
ipc_to_bns,70,Gang rape.,376d,Gang rape,auto,matched via shared concepts: rape
ipc_to_bns,71,Punishment for repeat offenders.,376e,Repeat offenders,auto,matched via shared concepts: rape
ipc_to_bns,303,Theft,378,commit theft,auto,matched via shared concepts: theft
ipc_to_bns,306,Theft by clerk or servant of property in possession of master.,379,Theft,auto,matched via shared concepts: theft
ipc_to_bns,61,Criminal conspiracy.,38,Persons concerned in criminal act may be guilty of different offences,auto,matched via content overlap: criminal
ipc_to_bns,328,"Punishment for intentionally running vessel aground or ashore with intent to commit theft, etc.",380,"Theft in a building, tent or vessel",auto,matched via shared concepts: theft
ipc_to_bns,306,Theft by clerk or servant of property in possession of master.,381,Theft by clerk or servant of property in possession of master or employer,auto,matched via shared concepts: theft
ipc_to_bns,307,"Theft after preparation made for causing death, hurt or restraint in order to committing of theft.",382,"Theft, after preparation having been made for causing death, or hurt, or restraint or fear of death, or of hurt or of restraint, in order to the committing of such theft, or to retiring after committing it, or to retaining property taken by it",auto,matched via shared concepts: theft
ipc_to_bns,308,Extortion.,383,"Intentionally puts any person in fear of any injury to that person, or to any other",auto,matched via shared concepts: extortion
ipc_to_bns,308,Extortion.,384,Extortion,auto,matched via shared concepts: extortion
ipc_to_bns,311,"Robbery, or dacoity, with attempt to cause death or grievous hurt.",386,extortion by putting a person in fear of death or grievous hurt,auto,"matched via content overlap: death, grievou, hurt"
ipc_to_bns,311,"Robbery, or dacoity, with attempt to cause death or grievous hurt.",387,Putting or attempting to put a person in fear of death or grievous hurt in order to commit extortion,auto,"matched via content overlap: attempt, death, grievou"
ipc_to_bns,55,Abetment of offence punishable with death or imprisonment for life.,388,"Extortion by threat of accusation of an offence punishable with death, imprisonment for life, or imprisonment for 10 Years.",auto,"matched via content overlap: death, imprisonment, life"
ipc_to_bns,58,Concealing design to commit offence punishable with death or imprisonment for life.,389,"Putting a person in fear of accusation of an offence punishable with death, imprisonment for life, or imprisonment for 10 Years in order to commit extortion.",auto,"matched via content overlap: death, imprisonment, life"
ipc_to_bns,115,Voluntarily causing hurt.,39,“Voluntarily”,auto,matched via content overlap: voluntarily
ipc_to_bns,309,Robbery,390,In all robbery there is either theft or extortion. When theft is robbery — Theft is “ro...,auto,matched via shared concepts: robbery
ipc_to_bns,310,Dacoity,391,commit “dacoity”,auto,"matched via shared concepts: dacoity, robbery"
ipc_to_bns,311,"Robbery, or dacoity, with attempt to cause death or grievous hurt.",392,Robbery,auto,matched via shared concepts: robbery
ipc_to_bns,312,Attempt to commit robbery or dacoity when armed with deadly weapon.,393,Attempt to commit robbery,auto,matched via shared concepts: robbery
ipc_to_bns,312,Attempt to commit robbery or dacoity when armed with deadly weapon.,394,"Person voluntarily causing hurt in committing or attempting to commit robbery, or any other person jointly concerned in such robbery",auto,matched via shared concepts: robbery
ipc_to_bns,311,"Robbery, or dacoity, with attempt to cause death or grievous hurt.",395,Dacoity,auto,"matched via shared concepts: dacoity, robbery"
ipc_to_bns,311,"Robbery, or dacoity, with attempt to cause death or grievous hurt.",396,Murder in Dacoity,auto,"matched via shared concepts: dacoity, robbery"
ipc_to_bns,311,"Robbery, or dacoity, with attempt to cause death or grievous hurt.",397,"Robber or Dacoity, with attempt to cause death or grievous hurt",auto,"matched via shared concepts: dacoity, robbery"
ipc_to_bns,312,Attempt to commit robbery or dacoity when armed with deadly weapon.,398,Attempt to commit robbery or Dacoity when armed with deadly weapons,auto,"matched via shared concepts: dacoity, robbery"
ipc_to_bns,312,Attempt to commit robbery or dacoity when armed with deadly weapon.,399,Making preparation to commit Dacoity,auto,"matched via shared concepts: dacoity, robbery"
ipc_to_bns,1,"Short title, commencement and application",4,Extension of Code to extra-territorial offences,auto,"matched via content overlap: extra, territorial"
ipc_to_bns,311,"Robbery, or dacoity, with attempt to cause death or grievous hurt.",400,Belonging to a gang of persons associated for the purpose of habitually committing Dacoity,auto,matched via shared concepts: dacoity
ipc_to_bns,313,"Punishment for belonging to gang of robbers, etc.",401,Belonging to a wandering gang of persons associated for the purpose of habitually committing thefts,auto,"matched via content overlap: belong, gang, theft"
ipc_to_bns,311,"Robbery, or dacoity, with attempt to cause death or grievous hurt.",402,Being one of five or more persons assembled for the purpose of committing Dacoity,auto,matched via shared concepts: dacoity
ipc_to_bns,314,Dishonest misappropriation of property.,403,"Dishonest misappropriation of movable property, or converting it to oneâ€™s own use",auto,"matched via content overlap: dishonest, misappropriation, movable"
ipc_to_bns,315,Dishonest misappropriation of property possessed by deceased person at the time of his death.,404,"Dishonest misappropriation of property, knowing that it was in possession of a deceased person at his death, and that it has not since been in the possession of any person legally entitled to it",auto,"matched via content overlap: death, deceased, dishonest"
ipc_to_bns,316,Criminal breach of trust.,405,"Whoever, being in any manner entrusted with property, or with any dominion over propert...",auto,matched via shared concepts: criminal-breach-of-trust
ipc_to_bns,316,Criminal breach of trust.,406,Criminal breach of trust,auto,matched via shared concepts: criminal-breach-of-trust
ipc_to_bns,316,Criminal breach of trust.,407,"Criminal breach of trust by a carrier, wharfinger, etc.",auto,matched via shared concepts: criminal-breach-of-trust
ipc_to_bns,316,Criminal breach of trust.,408,Criminal breach of trust by a clerk or servant,auto,matched via shared concepts: criminal-breach-of-trust
ipc_to_bns,316,Criminal breach of trust.,409,"Criminal breach of trust by public servant or by banker, merchant or agent, etc.",auto,matched via shared concepts: criminal-breach-of-trust
ipc_to_bns,2,Definitions,41,“Special law”,manual,manual mapping: IPC definition (special law) → BNS §2 Definitions
ipc_to_bns,303,Theft,410,"Property, the possession whereof has been transferred by theft, or by extortion, or by ...",auto,"matched via content overlap: property, theft"
ipc_to_bns,334,Dishonestly breaking open receptacle containing property.,411,Dishonestly receiving stolen property knowing it to be stolen,auto,"matched via content overlap: dishonestly, property"
ipc_to_bns,317,Stolen property.,412,"Dishonestly receiving stolen property, knowing that it was obtained by Dacoity",auto,"matched via content overlap: dacoity, property, receiv"
ipc_to_bns,252,"Taking gift to help to recover stolen property, etc.",413,Habitually dealing in stolen property,auto,"matched via content overlap: property, stolen"
ipc_to_bns,317,Stolen property.,414,"Assisting in concealment or disposal of stolen property, knowing it to be stolen",auto,matched via shared concepts: stolen-property
ipc_to_bns,318,Cheating,415,“cheat”,auto,matched via shared concepts: cheating
ipc_to_bns,318,Cheating,416,A person is said to “cheat by personation” if he cheats by pretending to be some other ...,auto,matched via shared concepts: cheating
ipc_to_bns,319,Cheating by personation.,417,Cheating,auto,matched via shared concepts: cheating
ipc_to_bns,102,Culpable homicide by causing death of person other than person whose death was intended.,418,"Cheating a person whose interest the offender was bound, either by law or by legal contract, to protect",auto,"matched via content overlap: offender, whose"
ipc_to_bns,319,Cheating by personation.,419,Cheating by personation,auto,matched via shared concepts: cheating
ipc_to_bns,2,Definitions,42,“Local law”,manual,manual mapping: IPC definition (local law) → BNS §2 Definitions
ipc_to_bns,343,"Fraudulent cancellation, destruction, etc., of will, authority to adopt, or valuable security.",420,"Cheating and there by dishonestly inducing delivery of property, or the making, alteration or destruction of a valuable security",auto,"matched via content overlap: destruction, security, valuable"
ipc_to_bns,320,Dishonest or fraudulent removal or concealment of property to prevent distribution among creditors.,421,"Fraudulent removal or concealment of property etc., to prevent distribution among creditors",auto,"matched via content overlap: among, concealment, creditor"
ipc_to_bns,321,Dishonestly or fraudulently preventing debt being available for creditors.,422,Fraudulently preventing from being made available for his creditors a debt or demand due to the offender,auto,"matched via content overlap: available, being, creditor"
ipc_to_bns,322,Dishonest or fraudulent execution of deed of transfer containing false statement of consideration.,423,Fraudulent execution of deed of transfer containing a false statement of consideration,auto,"matched via content overlap: consideration, contain, deed"
ipc_to_bns,323,Dishonest or fraudulent removal or concealment of property.,424,"Fraudulent removal or concealment of property of himself or any other person or assisting in the doing thereof, or dishonestly releasing any demand or claim to which he is entitled",auto,"matched via content overlap: claim, concealment, fraudulent"
ipc_to_bns,324,Mischief,425,"With intent to cause, or knowing that he is likely to cause, wrongful loss or damage to the public or to any person",auto,matched via shared concepts: mischief
ipc_to_bns,325,Mischief by killing or maiming animal.,426,Mischief,auto,matched via shared concepts: mischief
ipc_to_bns,324,Mischief,427,"Mischief, and thereby causing damage to the amount of 50 rupees or upwards",auto,matched via shared concepts: mischief
ipc_to_bns,325,Mischief by killing or maiming animal.,428,"Mischief by killing, poisoning, maiming or rendering useless any animal of the value of 10 rupees or upwards",auto,matched via shared concepts: mischief
ipc_to_bns,325,Mischief by killing or maiming animal.,429,"Mischief by killing poisoning maiming or rendering useless any elephant, camel, horse, etc., whatever may be its value or any other animal of the value of 50 rupees or upwards",auto,matched via shared concepts: mischief
ipc_to_bns,2,Definitions,43,“Illegal”. “Legally bound to do ”,manual,manual mapping: IPC definition (illegal / legally bound) → BNS §2 Definitions
ipc_to_bns,328,"Punishment for intentionally running vessel aground or ashore with intent to commit theft, etc.",430,"Mischief by causing diminution of supply of water for agricultural purposes, etc.",auto,matched via shared concepts: mischief
ipc_to_bns,219,Obstructing sale of property offered for sale by authority of public servant.,431,"Mischief by injury to public road, bridge, navigable river, or navigable channel and rendering it impassable or less safe for travelling or conveying property",auto,matched via content overlap: property
ipc_to_bns,326,"Mischief by injury, inundation, fire or explosive substance, etc.",432,Mischief by causing inundation or obstruction to public drainage attended with damage,auto,matched via shared concepts: mischief
ipc_to_bns,325,Mischief by killing or maiming animal.,433,"Mischief by destroying or moving or rendering less useful a lighthouse or sea-mark, or by exhibiting false lights",auto,matched via shared concepts: mischief
ipc_to_bns,343,"Fraudulent cancellation, destruction, etc., of will, authority to adopt, or valuable security.",434,"Mischief by destroying or moving, etc., a landmark fixed by public authority",auto,matched via shared concepts: mischief
ipc_to_bns,326,"Mischief by injury, inundation, fire or explosive substance, etc.",435,"Mischief by fire or explosive substance with intent to cause damage to an amount of 100 rupees or upwards, or, in case of agricultural produce, 10 rupees or upwards",auto,matched via shared concepts: mischief
ipc_to_bns,326,"Mischief by injury, inundation, fire or explosive substance, etc.",436,Mischief by fire or explosive substance with intent to destroy house etc.,auto,matched via shared concepts: mischief
ipc_to_bns,327,"Mischief with intent to destroy or make unsafe a rail, aircraft, decked vessel or one of twenty tons burden.",437,Mischief with intent to destroy or make unsafe A decked vessel or a vessel of 20 tones burden,auto,matched via shared concepts: mischief
ipc_to_bns,326,"Mischief by injury, inundation, fire or explosive substance, etc.",438,The mischief described in the last section when committed by fire or any explosive substance,auto,matched via shared concepts: mischief
ipc_to_bns,328,"Punishment for intentionally running vessel aground or ashore with intent to commit theft, etc.",439,"Running vessel ashore with intent to commit theft, etc.",auto,matched via shared concepts: mischief
ipc_to_bns,2,Definitions,44,“Injury”,manual,manual mapping: IPC definition (injury) → BNS §2 Definitions
ipc_to_bns,307,"Theft after preparation made for causing death, hurt or restraint in order to committing of theft.",440,"Mischief committed after preparation made for causing death, or hurt, etc.",auto,"matched via content overlap: after, death, hurt"
ipc_to_bns,329,Criminal trespass and house-trespass.,441,commit “criminal trespass”,auto,matched via shared concepts: criminal-trespass
ipc_to_bns,329,Criminal trespass and house-trespass.,442,commit “house-trespass”,auto,matched via shared concepts: criminal-trespass
ipc_to_bns,330,House-trespass and hous-ebreaking.,443,commit “lurking house-trespass”,auto,matched via shared concepts: criminal-trespass
ipc_to_bns,330,House-trespass and hous-ebreaking.,444,commit ?lurking house-trespass by night?,auto,matched via shared concepts: criminal-trespass
ipc_to_bns,330,House-trespass and hous-ebreaking.,445,A person is said to commit “house-breaking” who commits house-trespass if he effects hi...,auto,matched via shared concepts: criminal-trespass
ipc_to_bns,330,House-trespass and hous-ebreaking.,446,commit ?house-breaking by night?,auto,matched via shared concepts: criminal-trespass
ipc_to_bns,331,Punishment for house-trespass or house-breaking.,447,Criminal trespass,auto,matched via shared concepts: criminal-trespass
ipc_to_bns,331,Punishment for house-trespass or house-breaking.,448,House-trespass,auto,matched via shared concepts: criminal-trespass
ipc_to_bns,332,House-trespass in order to commit offence.,449,House-trespass in order to the commission of an offence punishable with death,auto,matched via shared concepts: criminal-trespass
ipc_to_bns,2,Definitions,45,“Life”,manual,manual mapping: IPC definition (life) → BNS §2 Definitions
ipc_to_bns,58,Concealing design to commit offence punishable with death or imprisonment for life.,450,House-trespass in order to the commission of an Offence punishable with imprisonment for life,auto,"matched via content overlap: imprisonment, life"
ipc_to_bns,332,House-trespass in order to commit offence.,451,House-trespass in order to the commission of an Offence punishable with imprisonment,auto,matched via shared concepts: criminal-trespass
ipc_to_bns,333,"House-trespass after preparation for hurt, assault or wrongful restraint.",452,"House-trespass, having made preparation for causing hurt, assault, etc.",auto,matched via shared concepts: criminal-trespass
ipc_to_bns,331,Punishment for house-trespass or house-breaking.,453,Lurking house trespass or house-breaking,auto,matched via shared concepts: criminal-trespass
ipc_to_bns,332,House-trespass in order to commit offence.,454,Lurking house-trespass or house-breaking in order to the commission of an offence punishable with imprisonment,auto,matched via shared concepts: criminal-trespass
ipc_to_bns,333,"House-trespass after preparation for hurt, assault or wrongful restraint.",455,"Lurking house-trespass or house-breaking after preparation made for causing hurt, assault, etc.",auto,matched via shared concepts: criminal-trespass
ipc_to_bns,331,Punishment for house-trespass or house-breaking.,456,Lurking house-trespass or house-breaking by night,auto,matched via shared concepts: criminal-trespass
ipc_to_bns,332,House-trespass in order to commit offence.,457,Lurking house-trespass or house-breaking by night in order to the commission of an offence punishable with imprisonment,auto,matched via shared concepts: criminal-trespass
ipc_to_bns,333,"House-trespass after preparation for hurt, assault or wrongful restraint.",458,"Lurking house-trespass or house-breaking by night, after preparation made for causing hurt, etc.",auto,matched via shared concepts: criminal-trespass
ipc_to_bns,331,Punishment for house-trespass or house-breaking.,459,Grievous hurt caused whilst committing lurking house-trespass or house-breaking,auto,matched via shared concepts: criminal-trespass
ipc_to_bns,38,When right of private defence of body extends to causing death.,46,“Death”,auto,matched via content overlap: death
ipc_to_bns,331,Punishment for house-trespass or house-breaking.,460,"Death or grievous hurt caused by one of several persons jointly concerned in house-breaking by Night, etc.",auto,matched via shared concepts: criminal-trespass
ipc_to_bns,334,Dishonestly breaking open receptacle containing property.,461,Dishonestly breaking Open or unfastening any closed receptacle containing or supposed to contain property,auto,matched via shared concepts: criminal-trespass
ipc_to_bns,350,Making a false mark upon any receptacle containing goods.,462,"Being entrusted with any closed receptacle containing or supposed to contain any property, and fraudulently opening the same",auto,"matched via content overlap: contain, property, receptacle"
ipc_to_bns,335,Making a false document.,463,"Makes any false document or part of a document with intent to cause damage or injury, to the public or to any person",auto,matched via shared concepts: forgery
ipc_to_bns,335,Making a false document.,464,"A person is said to make a false document: Who dishonestly or fraudulently makes, signs...",auto,matched via shared concepts: forgery
ipc_to_bns,338,"Forgery of valuable security, will, etc.",465,Forgery,auto,matched via shared concepts: forgery
ipc_to_bns,337,"Forgery of record of Court or of public register, etc.",466,"Forgery of a record of a court of Justice or of a Registrar of Births, etc., kept by a public servant",auto,matched via shared concepts: forgery
ipc_to_bns,343,"Fraudulent cancellation, destruction, etc., of will, authority to adopt, or valuable security.",467,"Forgery of a valuable security, will or authority to make or transfer any valuable security, or to receive any money, etc.",auto,matched via shared concepts: forgery
ipc_to_bns,341,"Making or possessing counterfeit seal, etc., with intent to commit forgery punishable under section 338.",468,Forgery for the purpose of cheating,auto,matched via shared concepts: forgery
ipc_to_bns,342,"Counterfeiting device or mark used for authenticating documents described in section 338, or possessing counterfeit marked material.",469,Forgery for the purpose of harming the reputation of any person or knowing that it is likely to be used for that purpose,auto,matched via shared concepts: forgery
ipc_to_bns,2,Definitions,47,“Animal”,manual,manual mapping: IPC definition (animal) → BNS §2 Definitions
ipc_to_bns,335,Making a false document.,470,A false document made wholly or in part by forgery is designated ?a forged document?.,auto,matched via shared concepts: forgery
ipc_to_bns,339,"Having possession of document described in section 337 or section 338, knowing it to be forged and intending to use it as genuine.",471,Using as genuine a forged document which is known to be forged,auto,matched via shared concepts: forgery
ipc_to_bns,341,"Making or possessing counterfeit seal, etc., with intent to commit forgery punishable under section 338.",472,"Making or counterfeiting a seal, plate, etc., with intent to commit a forgery punishable under section 467 of the Indian Penal Code, or possessing with like intent any such seal, plate, etc. knowing the same to be counterfeit",auto,matched via shared concepts: forgery
ipc_to_bns,341,"Making or possessing counterfeit seal, etc., with intent to commit forgery punishable under section 338.",473,"Making or counterfeiting a seal, plate, etc., with intent to commit a forgery punishable otherwise than under section 467 of the Indian Penal Code, or possessing with like intent any such seal plate, etc., knowing the same to be counterfeit",auto,matched via shared concepts: forgery
ipc_to_bns,339,"Having possession of document described in section 337 or section 338, knowing it to be forged and intending to use it as genuine.",474,"Having possession of a document, knowing it to be forged, with intent to use it as genuine; If the document is one of the description mentioned in section 466 of the Indian Penal Code",auto,matched via shared concepts: forgery
ipc_to_bns,342,"Counterfeiting device or mark used for authenticating documents described in section 338, or possessing counterfeit marked material.",475,"Counterfeiting a device or mark used for authenticating documents described in section 467 of the Indian Penal Code, or possessing counterfeit marked material",auto,matched via shared concepts: forgery
ipc_to_bns,342,"Counterfeiting device or mark used for authenticating documents described in section 338, or possessing counterfeit marked material.",476,"Counterfeiting a device or mark used for authenticating documents other than those described in section 467 of the Indian Penal Code, or possessing counterfeit marked material",auto,matched via shared concepts: forgery
ipc_to_bns,338,"Forgery of valuable security, will, etc.",477,"Fraudulently destroying or defacing, or attempting to destroy or deface, or secreting, a will, etc.",auto,matched via shared concepts: forgery
ipc_to_bns,344,Falsification of accounts.,477a,Falsification of accounts,auto,matched via shared concepts: forgery
ipc_to_bns,345,Property mark.,478,"Repealed by the Trade and Merchandise Marks Act, 1958 (43 of 1958), S. 135 and Sch.",auto,matched via shared concepts: property-mark
ipc_to_bns,345,Property mark.,479,a property mark,auto,matched via shared concepts: property-mark
ipc_to_bns,2,Definitions,48,“Vessel”,manual,manual mapping: IPC definition (vessel) → BNS §2 Definitions
ipc_to_bns,345,Property mark.,480,"Repealed by the Trade and Merchandise Marks Act, 1958 (43 of 1958), S. 135 and Sch.",auto,matched via shared concepts: property-mark
ipc_to_bns,345,Property mark.,481,use a false property mark,auto,matched via shared concepts: property-mark
ipc_to_bns,346,Tampering with property mark with intent to cause injury.,482,Using a false property mark with intent to deceive or injure any person,auto,matched via shared concepts: property-mark
ipc_to_bns,346,Tampering with property mark with intent to cause injury.,483,"Counterfeiting a property mark used by another, with intent to cause damage or injury",auto,matched via shared concepts: property-mark
ipc_to_bns,347,Counterfeiting a property mark.,484,"Counterfeiting a property mark used by a public servant, or any mark used by him to denote the manufacture, quality, etc., of any property",auto,matched via shared concepts: property-mark
ipc_to_bns,348,Making or possession of any instrument for counterfeiting a property mark.,485,"Fraudulently making or having possession of any die, plate or other instrument for counterfeiting any public or private property mark",auto,matched via shared concepts: property-mark
ipc_to_bns,349,Selling goods marked with a counterfeit property mark.,486,Knowingly selling goods marked with a counterfeit property mark,auto,matched via shared concepts: property-mark
ipc_to_bns,350,Making a false mark upon any receptacle containing goods.,487,"Fraudulently marking a false mark upon any package or receptacle containing goods, with intent to cause it to be believed that it contains goods which it does not contain, etc.",auto,matched via shared concepts: property-mark
ipc_to_bns,350,Making a false mark upon any receptacle containing goods.,488,Making use of any such false mark,auto,matched via shared concepts: property-mark
ipc_to_bns,346,Tampering with property mark with intent to cause injury.,489,Removing destroying or defacing property mark with intent to cause injury,auto,matched via shared concepts: property-mark
ipc_to_bns,182,Making or using documents resembling currency-notes or bank-notes.,489a,Counterfeiting currency-notes or bank-notes,auto,"matched via content overlap: bank, counterfeit, currency"
ipc_to_bns,179,"Using as genuine, forged or counterfeit coin, Government stamp, currency-notes or bank-notes.",489b,Using as genuine forged or counterfeit currency-notes or bank-notes,auto,"matched via content overlap: bank, counterfeit, currency"
ipc_to_bns,180,"Possession of forged or counterfeit coin, Government stamp, currency-notes or bank-notes.",489c,Possession of forged or counterfeit currency-notes or bank-notes,auto,"matched via content overlap: bank, counterfeit, currency"
ipc_to_bns,181,"Making or possessing instruments or materials for forging or counterfeiting coin, Government stamp, currency-notes or bank-notes.",489d,"Making or possessing machinery, instrument or material for forging or counterfeiting currency-notes or bank-notes",auto,"matched via content overlap: bank, counterfeit, currency"
ipc_to_bns,182,Making or using documents resembling currency-notes or bank-notes.,489e,Making or using documents resembling currency-notes or bank-notes,auto,"matched via content overlap: bank, currency, document"
ipc_to_bns,2,Definitions,49,“Year”. “Month”,manual,manual mapping: IPC definition (year/month) → BNS §2 Definitions
ipc_to_bns,357,Breach of contract to attend on and supply wants of helpless person.,491,"Being bound to attend on or supply the wants of a person who is helpless from youth, unsoundness of mind or disease, and voluntarily omitting to do so",auto,"matched via content overlap: attend, helples, mind"
ipc_to_bns,316,Criminal breach of trust.,492,"Repealed by the Workmen?s Breach of Contract (Repealing) Act, 1925 (3 of 1925), s. 2 an...",auto,matched via content overlap: breach
ipc_to_bns,84,Enticing or taking away or detaining with criminal intent a married woman.,493,A man by deceit causing a woman not lawfully married to him to believe that she is lawfully married to him and to cohabit with him in that belief,auto,"matched via content overlap: married, woman"
ipc_to_bns,82,Marrying again during lifetime of husband or wife.,494,Marrying again during the life-time of a husband or wife,auto,"matched via content overlap: again, dur, husband"
ipc_to_bns,50,Punishment of abetment if person abetted does act with different intention from that of abettor.,495,Same offence with concealment of the former marriage from the person with whom subsequent marriage is contracted,auto,matched via content overlap: from
ipc_to_bns,50,Punishment of abetment if person abetted does act with different intention from that of abettor.,496,A person with fraudulent intention going through the ceremony of being married knowing that he is not thereby lawfully married,auto,matched via content overlap: that
ipc_to_bns,85,Husband or relative of husband of a woman subjecting her to cruelty.,497,Adultery,manual,manual mapping: adultery repealed (2018); nearest marriage offence is cruelty
ipc_to_bns,84,Enticing or taking away or detaining with criminal intent a married woman.,498,Enticing or taking away or detaining with a criminal intent a married woman,auto,"matched via content overlap: away, criminal, detain"
ipc_to_bns,86,Husband or relative of husband of a woman subjecting her to cruelty.,498a,Punishment for subjecting a married woman to Cruelty,manual,manual correction: Cruelty -> BNS §86
ipc_to_bns,356,Defamation,499,"By words either spoken or intended to be read, or by signs or by visible representations",auto,matched via shared concepts: defamation
ipc_to_bns,221,Obstructing public servant in discharge of public functions.,500,Defamation against the President or the Vice-president or the Governor of a State or Administrator of a Union Territory or a Minister in respect of his conduct in the discharge of his public functions when instituted upon a complaint made by the Public Prosecutor,auto,"matched via content overlap: discharge, function"
ipc_to_bns,221,Obstructing public servant in discharge of public functions.,501,Printing or engraving matter knowing it to be defamatory against the President or the Vice-President or the Governor of a State or Administrator of a Union territory or a Minister in respect of his conduct in the discharge of his public functions when instituted upon a complaint made by the Public Prosecutor,auto,"matched via content overlap: discharge, function"
ipc_to_bns,221,Obstructing public servant in discharge of public functions.,502,"Sale of printed or engraved substance containing defamatory matter, knowing it to contain such matter against the President or the Vice-President or the Governor of a State or Administrator of a Union territory or a Minister in respect of his conduct in the discharge of his public functions when instituted upon a complaint made by the Public Prosecutor",auto,"matched via content overlap: discharge, function"
ipc_to_bns,351,Criminal intimidation.,503,"Threatens another with any injury to his person, reputation or property",auto,matched via shared concepts: criminal-intimidation
ipc_to_bns,352,Intentional insult with intent to provoke breach of peace.,504,Insult intended to provoke breach of the peace,auto,matched via shared concepts: criminal-intimidation
ipc_to_bns,352,Intentional insult with intent to provoke breach of peace.,505,"False statement, rumour, etc., circulated with intent to cause mutiny or offence against the public peace",auto,matched via shared concepts: criminal-intimidation
ipc_to_bns,351,Criminal intimidation.,506,Criminal intimidation,auto,matched via shared concepts: criminal-intimidation
ipc_to_bns,131,Punishment for assault or criminal force otherwise than on grave provocation.,507,Criminal intimidation by Anonymous communication or having taken precaution to conceal whence the threat comes,auto,matched via content overlap: criminal
ipc_to_bns,354,Act caused by inducing person to believe that he will be rendered an object of Divine displeasure.,508,Act caused by inducing a person to believe that he will be rendered an object of Divine displeasure,auto,"matched via content overlap: displeasure, divine, induc"
ipc_to_bns,79,"Word, gesture or act intended to insult modesty of a woman.",509,"Uttering any word or making any gesture intended to insult the modesty of a woman, etc.",auto,"matched via content overlap: gesture, insult, intended"
ipc_to_bns,2,Definitions,51,“Oath”,manual,manual mapping: IPC definition (oath) → BNS §2 Definitions
ipc_to_bns,355,Misconduct in public by a drunken person.,510,"Appearing in a public Place, etc., in a State of intoxication, and causing annoyance to any person",auto,"matched via content overlap: annoyance, intoxication"
ipc_to_bns,62,Punishment for attempting to commit offences punishable with imprisonment for life or other imprisonment.,511,"Attempting to commit offences punishable with imprisonment for life, or imprisonment, and in such attempt doing any act towards the commission of the offence",auto,"matched via content overlap: attempt, imprisonment, life"
ipc_to_bns,31,Communication made in good faith.,52,“Good faith”,auto,"matched via content overlap: faith, good"
ipc_to_bns,2,Definitions,52a,“Harbour”,manual,manual mapping: IPC definition (harbour) → BNS §2 Definitions
ipc_to_bns,4,Punishments,53,Punishments,manual,manual correction: Punishments -> BNS §4
ipc_to_bns,2,Definitions,53a,Construction of reference to transportation,manual,manual mapping: IPC definition (transportation reference) → BNS §2 Definitions
ipc_to_bns,5,Commutation of sentence,54,Commutation of sentence of death,auto,"matched via content overlap: commutation, sentence"
ipc_to_bns,5,Commutation of sentence,55,Commutation of sentence of imprisonment for life,auto,"matched via content overlap: commutation, sentence"
ipc_to_bns,178,"Counterfeiting coin, Government stamps, currency-notes or bank-notes.",55a,Definition of “appropriate Government ”,auto,matched via content overlap: government
ipc_to_bns,2,Definitions,56,[ Sentence of Europeans and Americans to penal servitude. Proviso as to sentence for term,manual,manual mapping: IPC §56 repealed — nearest BNS definitions hub
ipc_to_bns,6,Fractions of terms of punishment.,57,Fractions of terms of punishment,manual,manual correction: Fractions of terms of punishment -> BNS §6
ipc_to_bns,8,"Amount of fine, liability in default of payment of fine, etc.",59,"[Transportation instead of imprisonment.] Rep. by s.117 and the Sch., ibid. (w.e.f. 1-1-1956).",auto,matched via content overlap: imprisonment
ipc_to_bns,7,Sentence may be (in certain cases of imprisonment) wholly or partly rigorous or simple,60,Sentence may be (in certain cases of imprisonment) wholly or partly rigorous or simple,auto,"matched via content overlap: imprisonment, partly, rigorou"
ipc_to_bns,5,Commutation of sentence,61,"[ Sentence of forfeiture of property .] Rep. by the Indian Penal Code (Amendment) Act , 1921",auto,matched via content overlap: sentence
ipc_to_bns,55,Abetment of offence punishable with death or imprisonment for life.,62,"[ Forfeiture of property, in respect of offenders punishable with death, transportati on or",auto,matched via content overlap: death
ipc_to_bns,8,"Amount of fine, liability in default of payment of fine, etc.",63,Amount of fine,manual,manual mapping: amount of fine → BNS §8 (fine provisions)
ipc_to_bns,5,Commutation of sentence,64,Sentence of imprisonment for non-payment of fine,auto,matched via content overlap: sentence
ipc_to_bns,55,Abetment of offence punishable with death or imprisonment for life.,67,"Imprisonment for non-payment of fine, when offence punishable with fine on ly",auto,"matched via content overlap: fine, imprisonment"
ipc_to_bns,8,"Amount of fine, liability in default of payment of fine, etc.",68,Imprisonment to terminate on payment of fine,auto,"matched via content overlap: fine, imprisonment, payment"
ipc_to_bns,8,"Amount of fine, liability in default of payment of fine, etc.",69,Termination of imprisonment on payment of proportional part of fine,auto,"matched via content overlap: fine, imprisonment, payment"
ipc_to_bns,178,"Counterfeiting coin, Government stamps, currency-notes or bank-notes.",7,"The original words “of the Queen while serving under the Government of India, or any Government” have successively been",auto,matched via content overlap: government
ipc_to_bns,317,Stolen property.,70,"Fine leviable within six years, or during imprisonment. Death not to discharge  property",auto,matched via content overlap: property
ipc_to_bns,9,Limit of punishment of offence made up of several offences.,71,Limit of punishment of offence made up of several offences,auto,"matched via content overlap: limit, several"
ipc_to_bns,10,"Punishment of person guilty of one of several offences, judgment stating that it is doubtful of which.",72,"Punishment of person guilty of one of several offences, the judgment stating th at it is",auto,"matched via content overlap: guilty, judgment, several"
ipc_to_bns,127,Wrongful confinement.,73,Solitary confinement,auto,matched via content overlap: confinement
ipc_to_bns,127,Wrongful confinement.,74,Limit of solitary confinement,auto,matched via content overlap: confinement
ipc_to_bns,13,Enhanced punishment for certain offences after previous conviction.,75,Enhanced punishment for certain offences under Chapter XII or Chapter XVII a fter,auto,"matched via content overlap: chapter, enhanced, xvii"
ipc_to_bns,14,"Act done by a person bound, or by mistake of fact believing himself bound, by law",76,"Act done by a person bound, or by mistake of fact believing himself bound, by law",auto,"matched via content overlap: believ, bound, fact"
ipc_to_bns,15,Act of Judge when acting judicially.,77,Act of Judge when acting judicially,auto,"matched via content overlap: act, judge, judicially"
ipc_to_bns,16,Act done pursuant to judgment or order of Court.,78,Act done pursuant to the judgment or order of Court,auto,"matched via content overlap: court, judgment, pursuant"
ipc_to_bns,17,"Act done by a person justified, or by mistake of fact believing himself justified, by law",79,"Act done by a person justified, or by mistake of fact believing himself justified, by la w",auto,"matched via content overlap: believ, fact, himself"
ipc_to_bns,5,Commutation of sentence,8,"Subs. by the A.O. 1950, for “the Provincial Government of the Province within which the offender shall have been sentenced”.",auto,matched via content overlap: government
ipc_to_bns,18,Accident in doing a lawful act.,80,Accident in doing a lawful act,auto,"matched via content overlap: accident, lawful"
ipc_to_bns,19,"Act likely to cause harm, but done without criminal intent, and to prevent other harm.",81,"Act likely to cause harm, but done without criminal intent, and to prevent other harm",auto,"matched via content overlap: criminal, harm, likely"
ipc_to_bns,20,Act of a child under seven years of age.,82,Act of a child under seven years of age,auto,"matched via content overlap: child, seven, year"
ipc_to_bns,21,Act of a child above seven and under twelve years of age of immature understanding,83,Act of a child above seven and under twelve of immature understanding,auto,"matched via content overlap: above, child, immature"
ipc_to_bns,22,Act of a person of unsound mind.,84,Act of a person of unsound mind,auto,"matched via content overlap: mind, unsound"
ipc_to_bns,23,Act of a person incapable of judgment by reason of intoxication caused against his will,85,Act of a person incapable of judgment by reason of intoxication caused against his will,auto,"matched via content overlap: against, incapable, intoxication"
ipc_to_bns,24,Offence requiring a particular intent or knowledge committed by one who is intoxicated,86,Offence requiring a particular intent or knowledge committed by one who is intoxicat ed,auto,"matched via content overlap: knowledge, particular, requir"
ipc_to_bns,25,"Act not intended and not known to be likely to cause death or grievous hurt, done by consent.",87,"Act not intended and not known to be likely to cause death or grievous hurt, done by",auto,"matched via content overlap: death, grievou, hurt"
ipc_to_bns,26,"Act not intended to cause death, done by consent in good faith for person's benefit.",88,"Act not intended to cause death, done by consent in good faith for person's benefit",auto,"matched via content overlap: benefit, consent, death"
ipc_to_bns,27,"Act done in good faith for benefit of child or person of unsound mind, by, or by consent of guardian.",89,"Act done in good faith for benefit of child or insane person, by or by consent of guardian",auto,"matched via content overlap: benefit, child, consent"
ipc_to_bns,2,Definitions,9,Number,manual,manual mapping: IPC definition (number) → BNS §2 Definitions
ipc_to_bns,28,Consent known to be given under fear or misconception.,90,Consent known to be given under fear or misconception,auto,"matched via content overlap: consent, fear, misconception"
ipc_to_bns,29,Exclusion of acts which are offences independently of harm caused.,91,Exclusion of acts which are offences independently of harm cause,auto,"matched via content overlap: exclusion, harm, independently"
ipc_to_bns,30,Act done in good faith for benefit of a person without consent.,92,Act done in good faith for benefit of a person without consent,auto,"matched via content overlap: benefit, consent, faith"
ipc_to_bns,31,Communication made in good faith.,93,Communication made in good faith,auto,"matched via content overlap: communication, faith, good"
ipc_to_bns,32,Act to which a person is compelled by threats.,94,Act to which a person is compelled by threats,auto,"matched via content overlap: compelled, threat"
ipc_to_bns,33,Act causing slight harm.,95,Act causing slight harm,auto,"matched via content overlap: harm, slight"
ipc_to_bns,38,When right of private defence of body extends to causing death.,96,Things done in private defence,auto,"matched via content overlap: defence, private"
ipc_to_bns,38,When right of private defence of body extends to causing death.,97,Right of private defence of the body and of property,auto,"matched via content overlap: body, defence, private"
ipc_to_bns,36,"Right of private defence against act of a person of unsound mind, etc.",98,"Right of private defence against the act of a person of unsound mind, etc",auto,"matched via content overlap: against, defence, mind"
ipc_to_bns,37,Acts against which there is no right of private defence.,99,Acts against which there is no right of private defence,auto,"matched via content overlap: against, defence, private"
